罗兰[香港演员],463
李海生[香港老演员],324
夏萍[中国香港女演员],320
秦沛,319
任达华,290
关海山,286
徐少强,269
吴孟达,266
曾志伟,265
松坂庆子,260
何璧坚,259
南红[香港演员],257
郑家生,255
黄秋生[香港演员],255
许绍雄,252
萧芳芳,246
吴镇宇,243
黄允财,240
刘德华,240
曾江[香港著名老牌影星],237
洪金宝,236
秦煌[中国香港演员],235
李军,235
成奎安,233
骆应钧,231
刘德华[中国香港男演员、歌手、词作人],231
陈荣峻,230
惠英红,230
张伟,230
韩振熙,229
胡枫[中国香港男演员],225
谢贤,224
陈宝珠[香港粤语电影演员],223
张勇,221
姜大卫[演员],220
李伟,220
周润发,215
刘家辉[中国香港男演员],212
李国麟[中国香港男演员],211
元华,209
郑则仕,208
沈殿霞,204
王勇,203
杨泽霖,203
刘兆铭,200
岳华[中国香港男演员],200
寇振海,198
梁家仁,198
韩马利,197
鲍起静,196
仲村亨,195
王军,194
王伟,193
归亚蕾,192
罗乐林,192
李勇,189
黄树棠[香港艺人],188
陈安莹,188
冯淬帆,188
鲍方,187
张冰玉,186
岳跃利,184
顾冠忠,184
斋藤工,183
李明,182
李家鼎,181
廖启智,181
三船敏郎,181
罗天池[香港演员],181
刘勇,179
刘青云[中国香港影视男演员],179
艾威[香港电视广播有限公司资深演员],179
刘军,179
成龙[中国香港演员、导演],178
黑木瞳,177
王平,176
狄龙,176
王维德[香港无线电视艺员],176
吴启华,176
高仓健,175
王奎荣[国家一级演员],174
刘松仁,174
方中信,174
刘庆基,173
林正英[中国香港男艺人],173
仲代达矢,173
黎耀祥,172
吕良伟,172
潘虹[中国大陆女演员],170
林家栋,170
罗家英,169
米雪[中国香港女演员],169
丹尼·特乔,169
张嘉译,168
张兆辉[香港影视演员],168
西村雅彦,167
唐国强[中国内地男演员],167
李子雄[中国香港影视男演员],166
李强,166
刘伟,166
泽村一树,166
远藤宪一,166
三浦友和,166
梁家辉,165
谭耀文,165
卢海鹏,165
午马[演员、导演],165
柯俊雄,165
卢惠光,164
成长经历,164
陈观泰,164
张复建,163
庹宗华,163
岸部一德,163
欧瑞伟,162
周星驰,162
佐藤浩市,162
郭政鸿,162
苏杏璇,162
李修贤,162
徐锦江[中国香港男演员],162
王斌,162
汤镇业,162
林雪[香港艺人],161
王强,161
白彪[香港影视明星],161
张晨光[台湾演员],160
苗侨伟,160
克里斯托弗·李,160
孙兴[中国香港男演员],159
新寨村,159
要润,159
陈小春[中国香港男歌手、演员],158
高雄[中国香港影视演员],158
吴毅将,158
仲间由纪惠,158
王俊棠,157
申军谊,157
邵美琪,157
范冰冰,157
梁朝伟,156
何赛飞,156
陈宝国[中国影视男演员],156
曾伟权,156
欧阳震华[中国香港影视演员],155
王健,155
高明[著名国家一级演员],155
马国明[中国香港男演员],154
苑琼丹,154
狄威[香港武打演员],154
古天乐,154
牛莉[中国大陆女演员],153
李杰,153
李刚,153
陈勇,153
马德钟,152
邵音音,152
李立群[中国台湾男演员],152
斯琴高娃[女演员],152
和平村,151
秦汉[台湾影视演员],150
陈鸿烈[香港男演员],150
木村佳乃,150
钱嘉乐,150
关礼杰,150
佐佐木藏之介,150
黄文标[香港演员],150
张涛,149
张军,149
钱小豪,149
石修,149
万梓良,148
李平,148
城关镇,147
王姬[影视女演员],147
千叶真一,147
楼南光,147
黄子衡,146
郑世豪,146
萧大陆,146
刘佩琦,145
罗德·斯泰格尔,145
海伦·米伦,144
陈刚,144
龙方[香港演员],144
香川照之,144
高岛礼子,144
团结村,143
吴岱融,143
杨军,143
吴浣仪,143
于荣光,143
新庄村,143
张健,143
李斌,143
王刚,143
张达明[香港喜剧演员],143
麦长青,143
罗伯特·克耐普,143
侯天来,142
王辉,142
李波,141
刘强,141
张国立[中国男演员],141
伊藤和枝,141
郑少秋,141
谢园,141
刘嘉玲,141
李敏,141
陈国邦[中国香港演员],140
乔宏[香港演员],140
周海媚,140
林青霞[中国台湾女演员],140
樊少皇,140
孙慧雪,140
程可为,140
刘雪华[中国香港女演员],140
黄一飞[影视演员],140
刘敏,140
高桥一生,139
林永健[演员],139
张斌,139
刘斌,139
雪妮[中国香港女演员],139
妻夫木聪,139
张松枝,139
张波,139
关晓彤[中国内地女演员],138
姜武,138
郑佩佩,138
李香琴[中国香港演员],138
刘小锋[中国内地影视男演员],138
太平村,138
龙潭村,138
阿部宽,137
曾守明,137
和久井映见,137
罗君左,137
张曼玉,136
广末凉子,136
王学兵,136
张国荣[华语男歌手、演员、音乐人],136
李勤勤,136
向阳村,135
卢宛茵,135
洪剑涛,135
钟镇涛,135
杜志国[中国影视演员],135
谢天华[中国香港男演员],135
杨证桦,135
谢霆锋,135
戴耀明,135
张卫健,135
新村,135
郭晋安,134
罗伯特·德尼罗,134
何中华[中国内地影视男演员、导演],134
江明[台湾影视演员],134
罗嘉良,134
张明,133
伍咏薇,133
黄海冰,133
潘志文[香港著名影星],133
陈惠敏,133
莫少聪,132
尾野真千子,132
李丽珍[中国香港演员],132
焦恩俊,132
王敏,132
闫妮,132
冯素波,132
郑晓宁,132
李司棋,132
袁咏仪,131
凯瑟琳·德纳芙[法国演员],131
林心如,131
林保怡,131
田中圭,131
张学友,131
陶泽如,131
谷原章介,131
王华,130
恬妮,130
翁虹,130
杨波,130
侯勇[国家一级演员],130
舒淇,130
陈紫函,130
张智轩,129
吴家丽,129
郑伊健,129
蒋志光,129
郭富城[香港男歌手、演员],129
聂远,129
张强,129
杨恭如,129
秦祥林,129
田中美佐子,129
筱原凉子,129
普超英,129
李丽丽[演员],129
傅艺伟,128
小泉今日子,128
小栗旬,128
张智霖,128
王刚[中国内地影视男演员、主持人],128
李灿森,128
染谷将太,128
叶童,128
黎明[华语男歌手、演员],128
张艾嘉,128
陶大宇,127
渡部笃郎,127
刘威[中国内地影视演员],127
陈伟,127
张华,127
张建华,127
赵永洪,127
宋春丽,126
张敏,126
安圣基,126
铃木京香,126
姜超[中国内地男演员],126
王爱明[演员],126
王磊,126
郭德信,125
刘杰,125
骆达华,125
李晨[中国内地男演员],125
李家村,125
张家辉[香港影视男演员],125
新华村,124
张耀扬,124
张杰,124
绫野刚,124
陈百祥,124
金兴贤,124
黄晓明[中国内地男演员],124
约翰·特拉沃尔塔[美国著名演员],124
李涛,124
杨幂,124
石田百合子,123
藤木直人,123
蒂姆·罗斯,123
生濑胜久,123
王志文[中国著名演员],123
郑裕玲,123
李俊,123
加濑亮,122
本尼迪克特·康伯巴奇,122
惠天赐,122
叶德娴,122
孔琳[中国女演员孔琳],122
深田恭子,122
黄日华,122
梁舜燕,122
刘刚,122
冼灏英,122
万达广场,121
朱咪咪,121
李幼斌[中国内地实力派演员],121
康华[中国香港女演员],121
津川雅彦,121
金海淑,121
吴廷烨,121
黄德斌[香港影视演员],121
玉山铁二,121
刘之冰,120
寇世勋,120
吕颂贤,120
王峰,120
周迅[中国内地女演员、歌手],120
苏有朋,120
王涛,120
埃德·哈里斯,120
陈杰,120
胡军[中国内地男演员],120
金燕玲,120
奚美娟,120
佟大为,120
邓萃雯,119
李颖[上海籍女演员],119
黑川智花,119
龙天翔,119
南波瑠,119
巫刚,119
姚莹莹,119
金巧巧,119
严屹宽,119
温兆伦,119
郭涛[中国内地男演员],118
何政军,118
吴奇隆,118
黎汉持,118
陈冲[美籍华裔女演员],118
牛犇[中国影视演员],118
秦海璐,118
王建华,118
李成昌,117
汤镇宗,117
桥头村,117
邵兵[中国内地男演员],117
天海佑希,117
李建华,117
张鹏,117
王志飞[中国内地男演员],117
佐藤二朗,117
颜丙燕,117
郑卫莉,117
马海伦,117
张子健[中国内地男演员],117
黎姿,117
吴冕,116
何家劲,116
户田惠梨香,116
古城村,116
刘涛[中国内地女演员],116
茹萍,116
张丰毅,116
于震[中国内地男演员],116
江口洋介,116
吴君如,116
黄浩然[中国香港男演员],116
玉木宏,116
陈汉玮,116
王静,116
李莉,116
陈军,116
宁静[中国内地女演员],116
河国荣,116
伊藤步,116
西岛秀俊,116
王芳,116
苗圃[中国女演员],116
林伟[中国香港男演员],116
麻生久美子,115
高峰,115
苍井优,115
范明[中国内地影视演员],115
蔡卓妍,115
布鲁斯·威利斯,115
关宝慧,115
张铁林,115
白茵,115
张辉,115
李心敏,115
王羽[演员],114
连姆·尼森,114
谢君豪,114
罗文姬,114
赵军,114
吕有慧,114
陈展鹏[中国香港男演员、主持、歌手],114
吴彦祖,114
爱知电视台,114
冯远征,114
王宏,114
王建国,114
南庄村,114
白灵[美籍华人女演员],114
刘波,114
高斗心,114
李辉,113
马苏,113
于小慧,113
欧阳佩珊,113
鲁振顺,113
董勇[中国内地男演员],113
韩童生,113
甄子丹,113
药师丸博子,113
王静[中国人民解放军海军政治部电视艺术中心演员],113
王建新[中国内地男演员],113
蔡少芬,113
真田广之,113
阎青妤,113
陶慧敏[演员],113
神木隆之介,113
周绍栋,112
石坂浩二,112
谭咏麟,112
潘冠霖,112
恬妞,112
吉永小百合,112
钟欣潼,112
小田切让,112
"安卓\"",112
伊雷,112
尹宝莲,112
张永刚[中国内地演员],111
杜源,111
许志安,111
官庄村,111
王鹏,111
李明启[辽宁省影视演员],111
何冰[北京籍演员],111
王伯昭,111
黄奕,111
约翰·马尔科维奇,111
李冰冰,111
王敏德[美籍香港演员],110
新民村,110
丁海峰[内地男演员],110
林淑敏,110
沙溢,110
马书良,110
李华,110
廖学秋,110
吕中[当代表演艺术家],110
堀北真希,110
许还山,110
三家村,109
潘粤明,109
市川由衣,109
陈键锋,109
李宗翰[中国内地男演员],109
汤俊明,109
妮可·基德曼,109
杨怡[中国香港女演员],109
简慕华,109
许娣,109
赵薇[中国内地女演员、歌手、导演],109
王天泽[中国内地影视童星演员],109
陈天文[新加坡艺人],109
大卫·斯特雷泽恩,109
葛民辉,109
李小龙[武术宗师、功夫影星],109
罗宾·威廉姆斯[美国电影演员],109
王学圻,109
胜利村,109
乔振宇[中国内地男演员],109
关咏荷,109
钟汉良,109
黄梅莹,109
关菁[香港演员],108
尼古拉斯·凯奇,108
郑浩南,108
吴樾[中国内地演员],108
小林薰,108
陈健,108
孙季卿,108
东山村,108
胡可[中国内地女演员],108
常盘贵子,108
王祖贤,108
詹姆斯·弗兰科,108
伍卫国,108
新田村,108
陈浩民[香港男演员],108
池胁千鹤,108
淳于珊珊,108
郑嘉颖,108
胡亚捷,108
东庄村,108
王千源,108
张静,107
托尼·托德,107
闫学晶,107
李顺载,107
钟发,107
伊丽莎白·泰勒[美国影视演员],107
刘烨[中国内地男演员],107
陈莎莉,107
关之琳,107
陈曼娜,107
高捷[中国台湾男演员],107
罗浩楷,107
修宗迪,107
文·瑞姆斯,107
郑俊弘,106
马精武,106
中井贵一,106
徐黄丽,106
江珊,106
草剪刚,106
陈平,106
约翰·库萨克,106
赵文瑄,106
郑国霖,106
伍慧珊,106
刘恺威,106
胡慧中,106
瑛太,106
李建军,106
桐谷健太,106
朱丽安·摩尔,106
牛飘,106
朱江[中国香港男演员],106
石原里美,106
姚安濂,106
赵雅芝,106
保剑锋,106
黄梓玮,105
陈小艺[中国女演员],105
陈家村,105
阿部力,105
丁勇岱,105
李健,105
叶璇[中国内地制片人、演员],105
成东镒,105
安东尼·霍普金斯,105
余文乐,105
唐宁[中国香港影视、舞台剧女演员],105
周浩东[中国重庆籍演员],105
张光北,105
洼田正孝,105
尹天照,105
詹姆斯·史都华,105
刘蓓[中国内地影视女演员],105
冯绍峰,105
田蕊妮,105
钮承泽,105
伊莎贝尔·于佩尔,105
毛舜筠,105
王家村,105
木村拓哉,104
汤盈盈,104
朱泳腾,104
李静,104
张山[北京电影制片厂国家一级演员],104
联合村,104
巍子[中国影视演员、话剧演员],104
麦德罗,104
赵本山,104
梅丽尔·斯特里普,104
韩青[中国国家话剧院演员],104
郑恕峰,104
卢星宇[中国内地男演员],104
李成儒,104
菅田将晖,104
麦嘉伦,104
李雪健,104
赵丽娟[内地演员],104
安东尼奥·班德拉斯,104
黄宗泽,104
王俊,104
方晓莉,104
张宁,103
徐峥,103
佘诗曼,103
小罗伯特·唐尼,103
河东村,103
黄杏秀,103
杨丽菁,103
王晶[华语影视导演],103
陈瑾[影视演员],103
郭广平,103
贾静雯,103
曹国辉,103
石兆琪[中国内地演员],103
高宝宝,103
汪禹,103
刘玉翠,103
张檬,103
尖山村,103
宫崎葵,103
河西村,103
何绮云,103
堺雅人,102
廖伟雄,102
新桥村,102
杜淳,102
陆毅[中国内地男演员],102
陈泰鸣,102
方青卓,102
魏宗万,102
郭晓东[中国大陆男演员],102
安杰丽卡·休斯顿,102
三浦贵大,102
马特·达蒙,102
曹力[中国内地男演员],102
新村村,102
王琳[中国内地女演员],102
王毅,102
王美雪,102
山田孝之,102
杨斌,102
杰克·尼科尔森[美国演员],101
大杉涟,101
郭凯敏,101
夏帆[日本影视演员],101
张建国,101
梅艳芳,101
松雪泰子,101
杜旭东[影视演员],101
大寨村,101
向井理,101
林凤娇,101
沈可欣,101
杨帆,101
麦家琪,101
李天翔[中国香港男演员],101
刘峰,101
袁伟豪,101
大坪村,101
逢泽莉娜,101
鲍国安,101
陈建斌[国家话剧院演员],101
傅程鹏,101
邓超[中国内地男演员],101
方子哥,101
王林,100
刘莉莉[演员刘莉莉],100
陈创[中国大陆男演员],100
张铉诚,100
张磊,100
杨杰,100
刘桦[中国内地男演员],100
崔可法,100
袁洁莹,100
陈豪[中国香港男演员],100
田小洁,100
马羚[中国内地影视演员],100
太贺,100
靳东[中国内地影视演员],100
杨英伟,100
杨童舒,100
曹卫宇,100
迟蓬,100
蒋欣[中国内地女演员],100
马景涛,100
上庄村,100
王建军,99
王诗槐,99
廖京生,99
克林特·伊斯特伍德,99
李峰,99
霍思燕,99
萨日娜[中国大陆演员],99
张敏[中国香港女演员],99
邬君梅,99
宋晓英[吉林籍女演员],99
戴春荣[中国内地戏剧女演员],99
朱琳[中国北京女演员],99
宋佳[中国大陆80后女演员],99
吴竞[影视演员],99
连凯,99
黄素影,99
克里斯汀·斯科特·托马斯,99
黄智贤[中国香港男演员],99
陈敏,99
朱茵[中国香港女演员],99
椎名桔平,99
光明村,99
李小冉,99
蒋雯丽[安徽籍女演员],99
陈乔恩,99
韩栋,99
于和伟,99
董骠,99
张延[中国内地女演员],99
及川光博,98
李彩宁,98
黄勇,98
佟丽娅,98
颜丹晨,98
王志华[国家一级演员],98
孙淳,98
陈波,98
萧蔷,98
何晴[浙江籍贯女演员],98
刘亚津,98
邬倩倩,98
陈明,98
陈启泰[香港艺人],98
赵汉唐,98
科林·费尔斯,98
程煜,98
张立威,98
马晓伟[中国内地演员],98
成海璃子,98
大泽隆夫,98
黎彼得,98
胡杏儿,98
吕丽萍[中国内地女演员],98
江华[香港艺人],97
陈锦鸿[香港影视男演员],97
李宝熙,97
龚慈恩,97
黄天铎,97
约翰尼·德普[美国影视演员],97
胡定欣,97
王斑,97
绫濑遥,97
杰夫·布里吉斯,97
马伊琍,97
吴磊[中国内地男演员],97
刘洋,97
殷桃,97
王波,97
杨勇,97
杨家村,97
文庙,97
黄圣依[中国影视演员],97
黄光亮[香港演员],97
红旗村,97
陈奕迅[中国香港流行男歌手、演员],97
李美淑,97
李小璐,97
王志强,97
严敏求,97
五星村,97
阿尔·帕西诺,97
陈华,97
夏力薪,97
莫文蔚,97
陶红[中国内地女演员],96
吴秀波,96
黄文豪[中国台湾男演员],96
蒂尔达·斯文顿,96
吴大维,96
木村文乃,96
由立平,96
梁烈唯,96
李连杰[华语影视男演员],96
大岛优子,96
大桥村,96
范伟[中国内地喜剧演员],96
刘平,96
徐帆,96
陈欣健,96
李南星,96
米学东,96
三合村,96
翁家明,95
杨贵媚,95
周一围,95
西尔维斯特·史泰龙,95
石磊,95
计春华,95
杨紫,95
林文龙,95
陈嘉仪[香港女演员],95
秦卫东[内地演员],95
王超,95
内田有纪,95
杜汶泽,95
余安安,95
肖恩·康纳利[英国演员],95
杨明娜,95
刘玉婷[中国香港女演员],95
韩雪[中国内地女演员],95
舒畅[1987年出生的中国内地女演员],95
田俊[中国香港著名演员],95
克里斯托弗·普卢默,95
孙红雷,95
金美淑,95
新建村,95
顾宝明,95
唐文龙,95
桃园村,95
扬明,94
蔡淇俊,94
姚刚[辽宁籍男影视演员],94
任学海,94
陈秀珠[中国香港女演员],94
尔冬升,94
辛庄村,94
回龙村,94
褚栓忠,94
夏雨[中国内地男演员],94
藤原龙也,94
邓光荣[香港著名演员],94
王旭,94
宋玉淑,94
马克·哈米尔,94
谭凯,94
万绮雯,94
陈静,94
黄元申,94
许亚军[中国内地影视演员],94
黄觉[中国内地男演员、模特],94
甄珍,94
杨光,93
吴耀汉,93
黄伟,93
林韦辰,93
王耀庆,93
杜雨露,93
刘晓庆[中国内地女演员],93
张莉,93
江宏恩,93
任贤齐,93
任泉[中国内地男演员],93
半坡村,93
古明华,93
西尔维娅·西德尼,93
谭一清,93
魏骏杰,93
洪天明,93
黄志忠[中国内地男演员],93
大塘村,93
张文慈,93
井上真央,93
沈震轩,93
王庄村,93
徐敏[国家一级演员、北京电影制片厂演员],93
黄磊[中国内地男演员、教师],93
王绘春,93
陈道明[中国影视男演员],93
罗泳娴,93
杜德伟,93
松重丰,93
竹内结子,93
郑中基,93
下庄村,93
加藤爱,93
中谷美纪,92
沈孟生,92
宋丹丹[中国内地女演员],92
刘劲[特型演员],92
王茜华,92
陈法蓉,92
双龙村,92
高兰村,92
金相中,92
格利高里·派克,92
王同辉[中国内地男演员],92
李超,92
小西真奈美,92
陈涛,92
板桥村,92
戴娇倩,92
葛存壮,92
爱奇艺,92
耿乐[中国内地男演员],92
役所广司,92
温玉娟,92
小池里奈,92
李家庄村,92
常戎,92
安以轩,92
温碧霞,92
长濑智也,92
何润东,92
赵静[上海电影制片厂演员],92
陈敏之[中国香港女演员],92
江美仪,92
刘牧[内地男演员],92
彭于晏,92
释小龙,92
林志颖,91
陈龙[中国内地男演员],91
国仲凉子,91
王九胜,91
施羽[中国影视男演员],91
黄渤,91
何音,91
三浦研一,91
布拉德·皮特[美国电影男演员],91
林峰[中国香港男歌手、演员],91
高曙光,91
本·福斯特[美国好莱坞影星],91
刘辉,91
黄天崎,91
安志杰,91
冯晓文,91
梁冠华,91
杨明,91
张柏芝,91
黄少祺,91
陈思诚,91
关智斌,91
印小天,91
张译[中国内地男演员],91
宋在浩,91
小出惠介,91
大森南朋,91
长泽雅美,91
万昌皓,91
宣萱,91
道恩·强森,91
林影红,91
梁咏琪,91
潘仪君,91
水谷丰,91
伊尔凡·可汗,91
保罗·纽曼,91
柴崎幸,91
池松壮亮,91
高虎[中国内地男演员],90
左小青,90
杨立新[影视话剧演员],90
文颂娴,90
谢祖武,90
濑户朝香,90
笹野高史,90
叶静[中国大陆演员],90
郝蕾[中国内地女演员],90
陈思齐,90
张建军,90
苏永康,90
陈仙梅,90
新塘村,90
金承佑,90
陈友[中国香港电影演员、前温拿乐队成员],90
崔政宇,90
何启南,90
王萍,90
王喜[中国香港男演员、歌手、主持人],90
修庆,90
李红,90
曾黎[中国内地女演员],90
大山村,90
英格丽·褒曼,90
王雅捷,90
焦姣,90
朱雨辰,90
下寨村,90
吕珊,90
叶天行,90
吴卓羲,90
阿诺德·施瓦辛格,90
邹兆龙,90
金惠秀,90
张庄村,90
李依晓,90
朱迪·格雷尔,89
石桥村,89
佟瑞欣,89
张静初,89
刘若英,89
爱奇艺（中国大陆）,89
塞伦·希德,89
谢韶光,89
梅尔·吉布森[美国演员、导演、制片人],89
小河村,89
刘洵[中国香港男演员],89
张洪杰[中国内地影视男演员],89
黄海波[中国大陆男演员],89
沈晓海[中国内地男演员],89
周小斌,89
栗山千明,89
钟楚红,89
瞿颖,89
小寨村,89
伊藤英明,89
吴刚,89
王浩,89
周笑莉,89
浅野忠信,89
林漪娸,89
陈强,89
蔡君茹,89
黄诗佳,89
俞小凡,89
郑爽[中国60后女演员],89
唐嫣,89
安藤樱,89
金秀路,89
金光奎,89
蒂姆·罗宾斯,88
王庆祥[电视艺术中心演员],88
郭少芸,88
大田村,88
蓝燕[华语女演员],88
福田麻由子,88
吉娜·马隆,88
桐谷美玲,88
姚芊羽,88
织田裕二,88
达斯汀·霍夫曼,88
刘涛,88
本·斯蒂勒,88
王颖,88
俞飞鸿,88
程之[中国大陆影视演员],88
樊志起,88
梁天[内地影视演员],88
新发村,88
范文芳[新加坡女艺人],88
秦岚[中国内地女演员],88
麦子云,88
冈田将生,88
仓田保昭,88
句兆杰,88
阿米尔·汗,88
丁嘉丽,88
前田敦子,88
斯嘉丽·约翰逊,88
伊万·麦格雷戈,88
柏寒[中国内地女演员],88
米基·洛克[美国演员、拳击手],88
姚笛,88
李圣旻,88
李洪涛[影视演员],88
王思懿,88
文章[中国内地男演员],88
赵丽颖,88
风间俊介,88
冯恩鹤,88
林秀怡,88
金民钟,88
王力可,88
方力申,88
任重[中国内地演员],88
蒋依依[中国内地女演员],88
樊梅生,88
傅彪[中国内地演员],88
连奕名,88
菅野美穗,88
大营村,88
陈志健,88
下村,87
张宇,87
应采儿,87
林湖,87
涂善妮,87
李倩[中国内地女演员],87
上户彩,87
肖雄[空政话剧团国家一级演员],87
林湘萍,87
丁志诚,87
叶全真,87
中村苍,87
松山健一,87
蒙嘉慧,87
松本若菜,87
崔浩然[中国台湾演员],87
张平,87
加里·奥德曼,87
冈田准一,87
王晓东,87
王志刚,87
李彩桦[中国香港女演员、歌手],87
梁丹妮[中国大陆影视女演员],87
倪大红,87
陈玉莲[香港影视女演员],87
王伍福,87
臧金生,87
约瑟夫·高登-莱维特,87
唐诗咏,87
来喜,87
尼尔·弗林,87
深津绘里,87
李惠淑,87
荣蓉,87
张家村,87
王洛勇,87
尹汝贞,87
宁文彤,87
江祖平,87
赵立新[中国内地男演员],87
周华健,87
西恩·潘,87
潘迎紫,87
霍建华[中国台湾男演员],87
刘健,87
黄子华,87
孙耀威,86
李家声[中国香港无线电视演员],86
王一楠,86
蒋恺,86
本·阿弗莱克,86
徐子珊,86
郑秀文[中国香港女歌手],86
安乐村,86
反町隆史,86
陈坤[中国内地男演员、歌手],86
徐静蕾,86
周家怡,86
梅婷[中国内地女演员],86
汤姆·克鲁斯[美国电影演员、电影制片人],86
王茜[中国内地女演员],86
吴越[中国大陆女演员],86
贯地谷诗穗梨,86
马浚伟,86
满岛光,86
张达伦,86
安吉丽娜·朱莉,86
张晞临,86
陈松勇,86
汤姆·汉克斯,86
韩雯雯,86
相武纱季,86
章子怡,86
赵铁人,86
艾莉森·珍妮,86
王宁,86
罗冠兰,86
巩俐,86
王玲,86
姬晨牧,86
河口村,86
刘毅,86
邱淑贞,86
施大生,86
仲星火,86
曹克难,86
陈志朋,86
黄达亮[国家一级演员],86
竹野内丰,85
翁世杰,85
乔什·布洛林,85
石小满,85
张涵予,85
李光复,85
严晓频,85
程东[中国香港电影演员、导演],85
姜宏波,85
连晋[香港艺人],85
吴刚[中国内地男演员],85
张帆,85
大后寿寿花,85
白志迪,85
我爱你,85
李志希,85
龙雷太,85
水塘村,85
林嘉华,85
林静[中国内地女演员],85
裘德·洛,85
吉濑美智子,85
姚晨,85
宗峰岩,85
陈之辉,85
曹永廉,85
克里斯蒂娜·里奇,85
陈山聪,85
甘婷婷,85
车太铉,85
张雪迎,85
刘德凯,85
李光洁,85
郑恺[中国内地男演员],85
蒋勤勤,85
王建平,85
关秀媚,85
智一桐,85
速水重道,85
杰夫·丹尼尔斯,85
王东,84
高亚麟,84
吴辰君,84
王迅[中国内地影视演员],84
陈数,84
刘琳[中国内地女演员],84
樱井翔,84
王宇婕,84
倪齐民,84
团山村,84
刘孜[中国影视女演员],84
宝生舞,84
田中丽奈[日本女演员],84
朱婉仪,84
周秀娜,84
伊能静,84
克里斯汀·斯图尔特,84
温升豪,84
裴宗玉,84
郑子诚,84
刘俊相,84
冯德伦,84
杨玉梅[中国香港女演员],84
薛佳凝,84
本·金斯利,84
王伟梁,84
小沈阳,84
滕丽名,84
许晴[中国影视演员],84
赵庄村,84
刘瑞琪[台湾影视演员],84
松岛菜菜子,84
蒋林静,84
李林,84
谢雪心,84
贾青,84
松田龙平,84
黄小蕾,84
陈博正,84
松冈昌宏,84
大地村,84
熊欣欣,84
南山村,84
杨潮凯,84
江毅[香港艺人],83
龙塘村,83
刘家良[中国香港男演员、导演、武术指导],83
大庄村,83
塞缪尔·杰克逊,83
阿尔弗雷德·希区柯克,83
张志忠[中国话剧影视演员],83
宋运成,83
张颖,83
朱一龙,83
赵小锐,83
常蓝天,83
罗晋,83
姜鸿,83
爱,83
西格妮·韦弗,83
云南大学,83
刘敏涛,83
姜少华[影视演员],83
王凯,83
李赛凤,83
赵文卓[影视演员],83
屈中恒,83
李磊,83
鲁文杰[影视演员],83
史兰芽,83
林子祥,83
张丽,83
丹泽尔·华盛顿,83
莫小奇,83
潘孝贞,83
张旭,83
莫妮卡·贝鲁奇,83
张超,83
袁泉[中国内地女演员、歌手],83
张凯,83
堂本刚,83
矢野浩二,83
张歆艺,83
姜信日,83
山口智子,82
杨林,82
SUN电视台,82
姚乐怡,82
小岛藤子,82
高山村,82
兴隆村,82
高圆圆,82
欧文·威尔逊,82
简·方达,82
李栋旭,82
濮存昕,82
戴立忍,82
徐洪浩,82
高妙思,82
郭庄村,82
王馥荔,82
韩月乔,82
单立文,82
贾一平[演员、导演],82
何琳[中国大陆女演员],82
马庄村,82
蒂姆·金尼,82
马克·斯特朗,82
徐若瑄,82
陈锐[内地男演员],82
崔明吉[韩国影视女演员],82
伊利亚·伍德,82
杜玉明,82
李乃文,82
邵峰[中国内地影视演员],82
平山浩行,82
孟海[香港艺人],82
邵传勇,82
任程伟,82
娜塔丽·波特曼,82
让·雷诺,82
黄维德[中国台湾男演员、歌手],82
张毅,82
萨拉·帕克斯顿,82
后山村,82
陶玉玲,82
井川遥,82
李婉华,82
罗慧娟,82
王丽云[内地女演员],82
孙维民[特型演员],82
罗钧满,82
王飞,82
张林,82
王欣逸,82
涂凌,82
肖辉[中国大陆女演员],82
张力,82
张翰[中国大陆男演员],81
郭金[中国女演员],81
陈松伶,81
叶玉卿,81
金城武,81
林晓峰[中国香港演员、主持人],81
苏岩[中国大陆女演员],81
李晓东,81
朱迪·丹奇,81
张浩,81
尹子维,81
艾玛·罗伯茨,81
大村,81
梁小冰[中国香港女演员],81
刘建军,81
金裕贞[韩国女演员],81
李文植,81
傅隽,81
吉高由里子,81
凯特·布兰切特,81
樱庭奈奈美,81
黛米·摩尔,81
生田斗真,81
铃木福,81
包贝尔,81
陈庭威,81
吴倩莲,81
杨千嬅[中国香港女歌手、演员],81
祖峰[中国影视演员],81
胡歌[中国内地男演员],81
刘威葳,81
白凡[重庆藉影视演员],81
坂口宪二,81
商天娥,81
杰瑞米·艾恩斯,81
刘畅,81
金昌完,81
郭卓桦,81
陆剑民,81
林美秀[台湾影视剧演员],81
杨若兮[中国影视女演员],81
吴京安,81
上村,81
金素妍[1980年出生韩国女演员],81
贝拉·索恩,81
小池荣子,81
郑俊浩[韩国演员],81
李进荣,81
王宇,81
沈海蓉,80
南关村,80
林俊贤,80
林远迎,80
维尼·琼斯,80
闾汉彪,80
黄得生,80
萧正楠,80
河北村,80
松冈茉优,80
张孝全[中国台湾影视男演员],80
约翰·赵,80
球队阵容,80
张一山[中国内地影视男演员],80
黑木明纱,80
储智博,80
冯雷[中国铁路文工团演员],80
天心[台湾演员、主持人],80
比嘉爱未,80
黄嘉乐,80
郑惠玉,80
高鑫[中国内地男演员],80
岔河村,80
洼冢洋介,80
劳伦斯·奥利弗,80
阿德里安·布劳迪,80
李铭顺,80
陈冠霖[中国台湾男演员],80
朱丽叶·比诺什,80
城隍庙,80
宋允儿,80
王家庄村,80
万茜,80
王琳,80
葛蕾[中国台湾女演员],80
王宝强[中国内地男演员],80
香里奈,80
黄子扬,80
拉尔夫·费因斯,80
王新军[影视演员],80
沃拉娜特·旺萨莞,80
陈伟霆,80
陈斌,80
薇诺娜·瑞德,80
侯传杲,80
杨祐宁,80
中寨村,80
谭小环,80
曹颖[中国内地演员、主持人],80
袁文康,80
颖儿,79
蕾哈娜,79
郭淑贤[新加坡女艺人],79
李建义[中国内地男演员],79
赖雅妍,79
赵静仪,79
孙飞虎,79
霍青,79
葛优,79
孙锡堃,79
薛家燕,79
赵明,79
王珞丹,79
肖荣生,79
孙鹏[中国台湾男演员、主持人],79
李文,79
乔任梁[中国内地男歌手、演员],79
张震[中国台湾男演员、歌手],79
谢娜,79
凯文·科斯特纳,79
庄文清,79
布莱丹·格里森,79
苏玉华[中国香港女演员],79
周比利,79
木村多江,79
新河村,79
何美钿,79
萨拉·夏希,79
赵越[演员、世界亚裔小姐],79
佐佐木希,79
施京明,79
杨华,79
迈克尔·凯恩[英国演员],79
陈柏霖[中国台湾男演员],79
威尔·法瑞尔,79
福田沙纪,79
左翎,79
李萍,79
安妮·彤帕拉松,79
陈继铭[中国内地影视演员、导演],79
西街村,79
景岗山,79
林在培[台湾男演员],79
周斌,79
三浦春马,79
蔡灿得,79
森迫永依,79
松本润,79
宋逸民,79
克里夫·欧文,79
梁静[中国大陆女演员],79
任天野,79
陈昭荣,79
永山绚斗,78
郑斌辉,78
马修·麦康纳,78
沈保平,78
柯受良,78
松坂桃李,78
杨紫琼,78
于娜[内地影视女演员],78
李玲,78
陈辉,78
袁姗姗,78
凯拉·奈特莉,78
林利[香港演艺演员],78
周里京,78
马西娅·盖伊·哈登,78
苏茂[中国大陆中央芭蕾舞团演员],78
孔孝真,78
陈靖允,78
梁美京,78
瑞安·雷诺兹,78
陈佩斯,78
曹曦文[中国内地女演员],78
孙伟,78
上官灵凤,78
金所炫,78
潘晓彤,78
达科塔·范宁,78
王莉,78
周杰伦,78
朴成雄,78
张凯丽[中央实验话剧团剧院演员],78
刘奕君[中国内地男演员],78
富大龙,78
郝岩[黑龙江籍女演员],78
杨昆[中国大陆影视演员],78
詹姆斯·麦斯登,78
杰克·布莱克,78
哈斯高娃,78
伍迪·艾伦,78
泰勒·斯威夫特[美国创作型女歌手],78
周勇,78
郭家庄村,78
倪虹洁,78
横山村,78
魏秋桦,78
果靖霖,78
常铖,78
杨蓉[中国内地女演员],78
李庄村,78
陆玲[中国内地女演员],78
胡兵[中国内地男演员、模特],78
田岷,78
桑德拉·布洛克,78
申贤俊,78
李菁菁[内蒙古籍影视演员],78
布莱德利·库珀,78
杨烁[中国内地80后影视男演员],78
本乡奏多,78
秋瓷炫,78
袁立,77
海伦娜·伯翰·卡特,77
李琳[中国影视演员],77
贾乃亮,77
刘建华,77
海清,77
玛格·海根柏格,77
大岛由加利,77
李丹,77
白冰[中国内地女演员],77
车永莉,77
陈秀雯,77
刘锡明,77
玛丽昂·歌迪亚,77
张颖康,77
王菁华[大陆女演员],77
张慧仪,77
徐海乔,77
凯文·席格斯,77
王子文[中国内地女演员],77
郭羡妮,77
欧锦棠,77
余皑磊,77
黎美娴,77
先锋村,77
徐贵樱,77
刘鹏,77
土屋太凤,77
河头村,77
马克·沃尔伯格,77
柏原崇,77
凯特·温斯莱特,77
孙贤周,77
查理兹·塞隆,77
曹艳艳[中国内地女演员],77
卡罗娜·艾伦,77
吴京[中国内地男演员、导演],77
王璐瑶[中国大陆女演员],77
汤米·李·琼斯,77
杨健,77
刘英,77
蔡依林,77
回家,77
红岩村,77
碧昂丝·吉赛尔·诺斯,77
李梦男,77
大政绚,77
濑户康史,77
罗伯特·卡莱尔,77
尼尔·麦克唐纳,77
二阶堂富美,77
张可颐,77
崔民秀,76
赵子惠,76
李保田,76
孙艺珍,76
安迪·瑟金斯,76
多部未华子,76
孙菲菲[中国内地女演员],76
山后村,76
余男,76
于谦[中国相声演员、主持人],76
丁柳元,76
温海波,76
赵家村,76
迈克尔·珊农,76
张英南,76
哈里森·福特[芝加哥籍美国演员],76
安在旭,76
李宁,76
毕彦君,76
新街村,76
李梅,76
莲佛美沙子,76
杰瑞米·雷纳,76
水野美纪,76
稻森泉,76
李一花[韩国女演员],76
于波[中国内地演员],76
河正宇,76
中居正广,76
金成玲[韩国女星],76
冯小刚,76
罗莽,76
张馨予[中国内地女演员],76
东沟村,76
邢岷山,76
田丽[台湾女演员],76
曾华倩,76
张雷,76
苏明明[台湾女演员],76
陈磊,76
"霹雳天命之战祸邪神Ⅱ破邪传\"",76
谷德昭,76
苏菲·玛索,76
杉咲花,76
杰克·吉伦哈尔,76
张钧甯,76
杨雪[中国大陆女演员],76
李政宰,76
王丽坤,76
王红,76
成泰燊,76
俞承豪[韩国男演员],76
杰森·斯坦森,76
张恒[中国内地女演员],76
莲花村,76
王彬,76
克瑞斯塔尔·洛维,76
西山村,75
乔治·克鲁尼,75
何晟铭,75
奥利弗·普莱特,75
小柳友,75
王成,75
翟万臣,75
刘旭[南京市话剧团演员],75
陈保元,75
黄爱玲[大陆演员],75
权相佑,75
陈建华,75
郭达[国家一级演员],75
英达,75
河智苑,75
吴玉芳,75
魏焌皓,75
青山村,75
刘建国,75
廉晶雅,75
马可[中国内地90后男演员],75
双桥村,75
刘锦玲,75
徐斌,75
李锋,75
侯祥玲,75
克尔斯滕·邓斯特,75
北关村,75
杨丞琳,75
童蕾,75
田中裕子,75
李建国,75
西河村,75
廖凡[中国影视男演员],75
赵燕国彰,75
张志坚[中国男演员],75
北川景子,75
张根硕,75
贺来贤人,75
陈鹏,75
罗京民,75
王茂蕾,75
崔真实,75
陈良平[影视演员],75
李智,75
水川麻美,75
北山村,75
凤凰山,75
金宣儿,75
哈维尔·巴登,75
迈克尔·法斯宾德,75
安泽豪,75
戚薇,75
叶蕴仪,75
车胜元,75
永乐村,75
穆婷婷,75
红星村,75
董立范,75
坡头村,75
牟凤彬,75
田心村,75
李桂英[香港艺人],74
娜奥米·沃茨,74
相叶雅纪,74
盐见三省,74
丹妮尔·帕娜贝克,74
张萍,74
徐百卉,74
刘磊,74
丁佩[香港电影女演员],74
林泰文,74
新垣结衣,74
路斯明,74
古巨基,74
香取慎吾,74
张颂文[中国表演指导、演员、导演],74
提拉德·翁坡帕,74
钟丽缇,74
陈自瑶,74
孙俪,74
徐二牛,74
休·格兰特,74
莎朗·斯通,74
金星村,74
伍迪·哈里森,74
王雷[华语影视男演员、流行乐歌手],74
李卫东,74
崔智友[韩国女演员],74
陈德容,74
饭岛直子,74
张国强[中国内地影视男演员],74
陈林,74
青龙村,74
陈萍[香港邵氏电影明星],74
黄曼[陕西西安籍演员],74
刘庄村,74
大坝村,74
米歇尔·菲佛,74
黎诺懿,74
张建平,74
张佩华[中国台湾著名男演员],74
于小伟,74
朱荣荣[中国内地男演员],74
花园村,74
江一燕,74
高家村,74
沈傲君,74
邱心志,74
杨敏,74
刘金[大陆男演员],74
蒋家旻,74
刘诗诗,74
尹美罗,74
张庭,74
bilibili（中国大陆）,74
基努·里维斯,74
陈新,74
赵子琪,74
李亚鹏,74
奥黛丽·赫本,74
在熙,74
佐伊·索尔达娜,74
刘静,74
邓健泓,74
杜宁林,74
王劲松[江苏籍影视演员],74
金玟廷,74
杨树泉[空军政治部话剧团演员],74
前进村,74
邓丽欣,74
马丁·弗瑞曼,74
邓家佳,74
仓科加奈,73
荣仓奈奈,73
朱媛媛[中国内地影视女演员],73
马敬涵,73
周慧敏[香港女艺人],73
孔炯轸,73
刘颖,73
艾米·亚当斯,73
李晟[中国内地女演员],73
刘钧[中国内地影视男演员],73
法米克·詹森,73
何莉莉[影视演员],73
阿芮尔·温特,73
郭可盈,73
布莱特妮·墨菲,73
奥丽维娅·赫西,73
韩艺璃,73
西关村,73
吕一[中国内地女演员],73
莉顿·梅斯特,73
上野树里,73
周丽淇,73
高桥村,73
蓝正龙,73
高云翔[中国内地男演员],73
苏志燮,73
刘华,73
龚蓓苾,73
梁佩玲,73
贾斯汀·汀布莱克,73
董洁[中国内地女演员],73
梅小惠,73
黄轩[中国内地男演员],73
李嘉欣[香港女演员],73
涂黎曼,73
赵斌,73
丹尼尔·布鲁赫,73
虞梦,73
姚卓君,73
王燕,73
艾丽娅[蒙古族女演员],73
长谷川京子,73
金敏贞[韩国影视演员],73
蒲巴甲,73
张萌[中国天津籍女演员],73
柳岩,73
钟嘉欣,73
格温妮斯·帕特洛,73
德馨,73
方子春,73
山本太郎,73
伊势谷友介,73
王立新,73
李娟,73
翟乃社,73
邢佳栋,73
纳瓦·君拉纳拉,73
汪明荃,73
林黛,73
五十岚隼士,73
赵柯[中国内地影视女演员],73
凯丽·费雪,73
刘超,73
陈意涵,73
林赛·罗韩,73
佐藤健,73
朴雅卡·乔普拉,73
胡凯莉,73
李彬,73
孙昌敏,73
黄锦燊,73
王丽,73
帕翠西亚·希顿,73
朴信惠,73
张茜[江苏籍女演员],73
城田优,72
大泉洋,72
东山纪之,72
汪琳[香港无线电视女艺员],72
马蹄露,72
石琳[中国内地女演员],72
徐熙媛,72
武田梨奈,72
郭妃丽,72
王书麒,72
丰川悦司,72
温峥嵘,72
李崇霄,72
谭洋,72
周家村,72
李思捷,72
摩根·弗里曼,72
李沁[中国内地女演员],72
蒂莫西·道尔顿,72
克里斯汀·韦格,72
西村,72
段奕宏,72
龙隆[中国台湾资深演员],72
夏梦[香港电影演员及制片人],72
李威[中国男演员、歌手],72
迟帅,72
张默[中国四川籍男演员],72
王琦,72
程皓枫,72
霹雳天命之战祸邪神,72
张瑞希,72
林子聪,72
米仓凉子,72
优香,72
张燕,72
查宁·塔图姆,72
刘希媛,72
新川优爱,72
艾丽·范宁,72
阿提查·春那侬,72
白珊[演员],72
仲里依纱,72
陈晓东[中国香港歌手、演员],72
迈克尔·鲁克,72
李霞,72
贾斯汀·塞洛克斯,72
李建平,72
高山南,72
大卫·鲍威,72
王挺[中国大陆演员],72
安藤政信,72
甄志强,72
赵敏基,72
张彤[中国内地女演员],72
瑞安·菲利普,72
桥本爱[日本1996年出生女演员],72
叶祖新,72
加藤成亮,72
周渝民,72
刘亦菲[华语影视女演员、歌手],72
宫藤官九郎,72
克里斯蒂安·贝尔,72
岳红[八一电影制片厂演员剧团演员],72
高露[中国内地女演员],72
那维勋,72
林雨申,72
林俊杰[新加坡创作型男歌手、音乐制作人],71
任帅[黑龙江哈尔滨藉演员],71
伊德瑞斯·艾尔巴,71
柯蓝[中国内地演员],71
陈晓[中国内地男演员],71
罗志祥[华语流行男歌手、主持人、舞者、演员],71
潘彦妃,71
秦焰[中国大陆男演员],71
莫家尧,71
辛柏青,71
谢孟伟,71
李芯逸,71
孙宁[中国内地女演员],71
张峰,71
辛西娅·尼克松,71
白百何,71
郭德纲,71
咸恩静,71
梁爱琪,71
波波·斯图尔特,71
隋俊波,71
麦德斯·米科尔森,71
韦斯利·斯奈普斯,71
敖嘉年,71
谢兰[中国大陆女演员],71
曾宝仪,71
吴智昊,71
王奕盛,71
黄贯中,71
孙海英[著名影视剧演员],71
休·杰克曼,71
吴军,71
霍政谚,71
张世[中国台湾演员],71
丁子峻,71
陈峰,71
谷祖琳,71
董璇,71
赵刚,71
裴秀智,71
张东健,71
车保罗,71
王祖蓝,71
李志强,71
科林·法瑞尔,71
裴斗娜,71
张村,71
托宾·贝尔,71
中心村,71
王云,71
马家村,71
胡静[中国内地女艺人],71
秦怡[电影表演艺术家],71
中村,71
黄长兴,71
清河村,71
林敬刚,71
张博[北京籍影视男演员],71
谢昀杉,71
杨秀惠,71
李解[中国内地演员],71
许毛毛,71
童荣庆,71
卡梅隆·迪亚茨,71
王景春[上海电影制片厂剧团演员],71
我们,71
帕特里克·威尔森,71
缪骞人,71
詹妮弗·安妮斯顿,71
高翔,71
王新[中国国家话剧院演员],71
罗海琼,71
阮经天,70
姜受延,70
陈亮,70
乔恩·费儒,70
郑智薰,70
薛凯琪,70
张兵,70
李贞贤[韩国影、视、歌多栖女艺人],70
刘芳,70
谢佳见,70
陈俊,70
戚迹,70
艾米莉·布朗特,70
韦家雄,70
朝阳村,70
清水富美加,70
艾娃·加德纳,70
贾晓晨,70
TVQ九州放送,70
麦当娜·西科尼,70
黎明村,70
王欣,70
林熙蕾,70
程思寒,70
李李仁,70
朱宏嘉,70
蒋冰[中国内地男演员、歌手],70
王力宏,70
贾斯汀·朗,70
徐忠信[香港演员],70
寇占文,70
李志刚,70
王源[TFBOYS成员],70
李兵,70
刘少君[香港电影演员],70
赵龙豪,70
徐军,70
金喜善,70
长谷川纯,70
刘冠翔,70
姜文[中国大陆演员、导演、编剧],70
伍宇娟,70
钱泳辰,70
吕熙,70
吕珍九,70
刘凯,70
李晓红[中国内地女演员],70
马恩然,70
黄鸿升,70
吴军[国家一级演员],70
法提麦·雅琦,70
申河均,70
赵希洛,70
东关村,70
李浩,70
邓梓峰,70
马龙·白兰度,70
雷佳音,70
岳翎,70
何杜娟,70
五一村,70
江梓玮,70
罗家村,70
张妍[中国内地女演员],70
乔纳森·莱斯·梅耶斯,70
于莉[黑龙江女演员],70
余慕莲,70
山头村,70
詹妮弗·康纳利,70
郑宇[韩国演员],70
周伟,70
张家庄村,70
王大治,70
潘长江,70
黄泽锋,70
丹尼尔·克雷格,70
何赛·祖尼加,70
谷花音,70
马克·鲁法洛,70
高鹏,70
李宏,70
王鸥,70
最爱,70
凌潇肃,70
张凤书,70
赵恒煊,69
申久,69
吴强,69
申恩庆,69
马少骅,69
海顿·潘妮蒂尔,69
廖崇儒,69
足立梨花,69
万弘杰,69
关慧卿,69
张亮,69
李丁[中国内地男演员],69
胡斌,69
周幼婷,69
范雨林,69
姚子羚,69
罗伯特·雷德福,69
杨谨华,69
徐露[中国大陆辽宁籍女演员],69
陈红,69
芮恩,69
新联村,69
金惠玉,69
汤姆·塞兹摩尔,69
于月仙,69
达式常,69
姚橹,69
刘金山[影视演员],69
徐洁儿,69
易烊千玺,69
马如风,69
庄庆宁,69
刘志刚,69
刘宇,69
杨菲洋,69
杨思琦,69
丛珊,69
石筱群,69
胡因梦,69
王晶,69
朱敏瀚,69
张铎[中国黑龙江籍男演员],69
楼学贤,69
李晓明,69
马雅舒,69
曾国祥[中国香港导演、演员],69
泽尻绘里香,69
张丹峰,69
郭京飞,69
秦昊[中国大陆男演员],69
詹姆斯·麦卡沃伊,69
王杰[华语创作型男歌手、演员、音乐制作人],69
卢巧音,69
石维坚[演员],69
田璐,69
欧萱,69
金惠善,69
言承旭,69
大野智,69
清水村,69
刘家村,69
任晗[演员],69
金莉莉[中国内地女演员],69
彭玉[中国内地女演员],69
车仁表,69
石凉[中国内地男演员、主持人],69
刘芳毓,69
月光,69
周秀兰,69
焦俊艳,69
山下智久,69
华中科技大学,69
检场,69
何炅,69
森川葵,69
柯有伦,68
张爱钦,68
齐襄,68
张宏,68
卫莱,68
亓航,68
陈芷菁,68
马东锡,68
郭家村,68
杰西卡·查斯坦,68
笑福亭鹤瓶,68
石天欣,68
香椎由宇,68
龟梨和也,68
徐枫[汤臣集团董事局主席],68
周冬雨,68
边熙峰,68
陈翔[中国内地男歌手、演员],68
李东翰[中国内地影视男演员],68
寺尾聪,68
孔维[影视演员],68
张国柱[中国台湾影视男演员],68
李善均,68
程前[中国内地主持人、演员],68
马天宇[中国内地男演员、歌手],68
苍井空[日本AV女演员],68
张智尧,68
伊东美咲,68
孙松[北京电影制片厂演员剧团演员],68
陈美琪[香港女演员],68
千叶雄大[日本艺人],68
曾玮明,68
王村,68
休·博内威利,68
萨拉·海蓝德,68
黄智雯,68
郭家铭,68
钟煌,68
刘鉴[中国内地演员、导演、解放军艺术学院教师],68
渡边夏菜,68
金山村,68
亚当·桑德勒,68
倪淑君,68
徐俊英[韩国演员],68
有村架纯,68
长谷川博己,68
张宝雯,68
塞斯·罗根,68
刘敏[影视女演员],68
柯淑勤,68
张国华,68
池珍熙,68
阚清子,68
西湖村,68
赵震雄,68
朴尚民,68
魏千翔,68
陈堃[香港电视广播有限公司(tvb)旗下的艺员],68
吉约姆·卡内,68
杰昆·菲尼克斯,68
刘庭羽,68
中山美穗,68
陈冠希[加拿大温哥华籍歌手、演员],68
郭采洁,68
陈伟洪,68
杨子骅,68
黄文慧,68
刘俊,68
吕方[香港艺人],68
黄又南,68
林韦君,68
简沛恩,68
蔡琳[韩国明星],68
休·丹西,68
梁琤,68
凯尔希·格兰莫,68
凯瑟琳·泽塔-琼斯,68
泷泽秀明,68
朴元淑,68
莱昂纳多·迪卡普里奥,68
奥兰多·布鲁姆,68
姜厚任,68
叶子媚,68
剧雪,68
陈曦,68
杨圣文,68
郑爽[中国内地90后女演员],68
郑昊[影视演员],68
林其欣,68
计算机应用基础,67
成志娄,67
双庙村,67
范植伟,67
张俪,67
加藤小雪,67
陈妍希,67
堂本光一,67
于晓光[中国内地男演员],67
郭正旭,67
李力,67
郭珍霓,67
王澜[中国大陆演员],67
李沛旭,67
黄俊鹏,67
吕一丁,67
李秉宪,67
曹翠芬,67
徐箭[八一电影制片厂演员剧团副团长],67
廖碧儿,67
林江国,67
麦皓儿,67
北乃纪伊,67
陈赫[中国内地男演员],67
任昌丁,67
刘明,67
李燕,67
金晶和,67
刘东根[韩国演员],67
田坝村,67
宋慧乔,67
石慧[香港电影演员],67
维拉·法梅加,67
邱泽,67
王菲[华语女歌手、演员],67
冷海铭[中国内地影视男演员],67
陈怡蓉,67
威廉·达福,67
小池澈平,67
张瑞珈,67
尤勇智,67
李万年,67
艾斯·库伯,67
梁汉文[香港歌手],67
迪·杰西达邦·福尔迪,67
龚茜彤,67
陈好[中国内地女演员],67
熊乃瑾,67
傅声,67
郑伟[中国内地男演员],67
韩宜邦,67
芦田爱菜,67
贺刚[中国内地男演员],67
竹富圣花,67
况明洁,67
张晓晨[演员],67
张若昀,67
卜学亮,67
伊莎贝尔·阿佳妮,67
王宗尧[中国香港男演员],67
涂松岩,67
王艳[中国内地女演员],67
隋棠,67
锦户亮,67
戚美珍,67
戚玉武,67
张英,67
李毅,67
林嘉欣[中国台湾演员、歌手],67
吴珊卓,67
刘仪伟,67
黛安·克鲁格,67
大卫·田纳特,67
冯奇[中国电影演员],67
傅淼[影视演员],67
赵君[中国内地影视男演员],67
何明翰,67
吴斌,67
张志强,67
杜海涛[湖南卫视主持人],67
张芝华[上海籍电影演员],67
林小楼,67
平爱梨,67
东华大学,67
盖·皮尔斯,67
马里奥·毛瑞尔,67
柳云龙[大陆男演员],67
凯瑟琳·基纳,67
黄涛,67
刘建平,67
乔·博恩瑟,67
小李琳,66
童瑶,66
薛景求,66
袁志博,66
石云鹏[中国内地男演员],66
张秋歌,66
安东尼·麦凯,66
许冠杰,66
蔡明[国家一级演员],66
李光洙[韩国男演员、模特],66
张海燕[中国大陆女演员],66
河南村,66
王海地,66
韩一菲,66
洪宇宙,66
朱莉·安德鲁斯,66
阿曼达·塞弗里德,66
詹妮弗·劳伦斯,66
莫里兹·布雷多,66
韩彩英,66
许冠文,66
柴蔚,66
白虹[民国时期著名歌星、影星],66
许还幻,66
刘玉玲[影视女演员],66
黄斌,66
张柏俊,66
美山加恋,66
王凯[中国内地男演员],66
付梦妮,66
郎雄,66
安德鲁·斯科特,66
王俊凯[TFBOYS队长],66
沙河村,66
张佳宁[中国大陆女演员],66
诺曼·瑞杜斯,66
永安村,66
马思纯,66
德鲁·巴里摩尔,66
酒井法子,66
钟卫华[中国内地演员],66
赵勇,66
韦斯·本特利,66
赵杰,66
杨怀民,66
张云,66
郑进永,66
宋庄村,66
田雨[国家话剧院演员],66
罗仲谦,66
严孝燮,66
瓦房村,66
稻垣吾郎,66
陈敏儿,66
吴岱凝,66
刘芸[大陆影视女演员],66
城东村,66
张维娜[中国内地女演员],66
明道[华语影视男演员、流行乐歌手、节目主持人],66
佐藤东弥,66
迟志强,66
杰西卡·兰格,66
后沟村,66
山田优,66
陈威翰,66
于承惠,66
李世英[韩国演员],66
彭丹[演员彭丹],66
陈法拉,66
武田真治,66
张艺兴,66
张晓龙[中国内地演员、礼仪指导师],66
大湾村,66
卡蕾·措科,66
王杰,66
林志玲,66
朱厚任,66
贾庄村,66
林依晨,66
王策[中国内地演员、模特],66
沈爱琳,66
张玲,66
徐幸,66
谢承均,66
郭耀明,66
CEE[泰国演员],66
崔江熙,66
关颖,66
关帝庙,66
张汇仓,66
田畑智子,65
克里斯·埃文斯,65
蝴蝶,65
李健[北京电影学院表演系出身男演员],65
李楠[中国内地男演员],65
吴建豪,65
李颖,65
科洛·格蕾斯·莫瑞兹,65
白沙村,65
苗可秀[中国演员、主持人],65
张玉嬿,65
李成宰,65
池华琼,65
奥斯卡·伊萨克,65
刘云,65
孙坚[中国内地男演员],65
丁力祺,65
黎燕珊,65
克里斯·派恩,65
刘宁,65
金基石[韩国影视演员],65
南开大学[全国重点大学],65
郑在泳,65
范彩儿,65
刚力彩芽,65
朴有天,65
红卫村,65
孙茜[影视演员],65
水仙,65
吴晴[中国内地女演员],65
汤唯,65
博弘,65
蔡曜力,65
保罗·路德,65
曹骏,65
张蓓蓓[中国内地女演员],65
房子斌,65
陈洁,65
东升村,65
黑龙江大学,65
陈慧琳,65
饭丰万理江,65
渡边麻友,65
杰米·金,65
陈慧珊,65
杨志刚[河北籍影视男演员],65
张政勇,65
周韦彤,65
李钟赫,65
瑛子,65
间宫祥太朗,65
金龙村,65
萨哈拉·桑卡布理查,65
唐泽寿明,65
池晟,65
代乐乐,65
詹森·阿克斯,65
李若彤,65
万妮恩,65
李青,65
白石村,65
薛俨,65
朝仓亚纪,65
朱梓骁,65
宗利群,65
陈超,65
广濑爱丽丝,65
卡西·阿弗莱克,65
丘增,65
毛孩,65
梦,65
蕾切尔·薇姿,65
韩石圭,65
周杰[中国大陆男演员],65
布伟杰,65
徐筠[中国大陆女演员],65
柳好贞,65
梁又琳,65
黄瑷瑶,65
三星村,65
王玮,65
方展发,65
common[美国说唱歌手],65
信鹏,65
李施嬅,65
爱德华·诺顿,65
释行宇,65
李洁,65
王琄,65
王卫国[中国青年艺术剧院演员],65
张咏棋,65
米歇尔·威廉姆斯[美国演员],65
汤姆·希德勒斯顿,65
郑亦桐,64
张春年[中国内地男演员],64
井柏然[中国内地男演员、歌手],64
刘海镇,64
陈建国,64
梅格·瑞恩,64
杨爱瑾,64
宋佳[中国大陆60后女演员],64
同济大学,64
双河村,64
刘佳,64
河底村,64
张红,64
邓婕,64
许玮甯,64
吕晓禾,64
玛丽莲·梦露[美国女演员],64
新丰村,64
米拉·乔沃维奇,64
林子善,64
林佑威,64
柯素云,64
郑裕美,64
杨静,64
董成鹏,64
贾妮[中国内地女演员],64
朱晏[中国内地影视女演员],64
埃文·蕾切尔·伍德,64
金东旭[韩国影视剧演员],64
张雪芹[中国香港女演员],64
郭鑫[中国内地影视男演员],64
吕佳容[中国内地演员],64
朱镇模,64
凯特·戴琳斯,64
陈泰贤,64
小泽真珠,64
妮娜·杜波夫,64
蕾雅·赛杜,64
苗雅宁,64
王迎奇,64
中和村,64
黄宥明,64
周波,64
汤姆·哈迪,64
张鹰[山东籍影视演员],64
新寨自然村,64
吴兴国[台湾演员],64
金孝珍,64
李忠,64
王李丹妮,64
汪东城,64
渡边谦,64
高良健吾,64
郑柔美,64
刘子绚,64
汪萍[港台电影演员],64
丁乐锶,64
刘至翰,64
全卢民,64
周宝霖,64
佩内洛普·克鲁兹,64
袁弘[中国内地男演员],64
腾讯视频（中国大陆）,64
艾玛·汤普森,64
乔尔·埃哲顿,64
张文,64
元秋,64
李欣凌,64
凯特·贝金赛尔,64
刘萍,64
沟端淳平,64
曹馨月[中国内地女演员],64
凯·帕娜贝克,64
柯特妮·考克斯,64
张笑君,64
阮兆祥,64
杨涛,64
晋松[影视演员],64
列维·施瑞博尔,64
赵伟,64
林炜[中国台湾男演员],64
凯瑟琳·海格尔,64
朴河宣,64
陈锋,64
马军,64
金来沅,64
金玉婷,64
张晋[中国重庆籍男演员、导演、武术指导],64
陈庄村,64
李泰兰,64
东风村,64
石门村,64
炎亚纶,64
艾玛·斯通,64
郭昊伦,64
张剑,64
高蓓蓓,64
川荣李奈,64
杜奕衡,64
杜若溪,64
刘添月,64
文佳煐,64
金尚浩,64
伊丽莎白·莫斯,64
叶倩文,64
野村周平,64
神农山,64
林慧玲,64
李依馨,64
谢钢[影视演员],64
于毅[内地男演员],64
颜世魁,64
岩田小百合,64
蔡子健,64
于东江,64
巩汉林,64
曹达华[香港著名演员],64
任山[中国内地男演员],64
修杰楷,63
查利·麦克德莫特,63
吕行[知名演员],63
许榕真,63
秦丽[演员、制片人],63
陈智燊,63
北村一辉,63
高昊[中国内地影视男演员、流行乐歌手],63
李宝英,63
吴若甫,63
禹喜珍,63
段钧豪,63
森山未来,63
吴其江,63
福山雅治,63
新兴村,63
谭艾珍,63
张植绿,63
宋智孝,63
横山裕,63
石坚[香港演员],63
孙艺洲,63
徐雷智,63
蓝洁瑛,63
朴赫权,63
慕钰华,63
李美妍[韩国演员],63
半山村,63
孙耀琦,63
田光烈[韩国影视演员],63
张卫东,63
李文玲[北京籍女影视演员],63
凤凰村,63
丹尼尔·吉里斯,63
小营村,63
西协美智子,63
陈雅伦,63
李建民,63
雨果·维文,63
王渝文,63
王晓晨[中国内地女演员],63
李丞峰,63
陈红[中国大陆女演员、制片人],63
李绮红,63
曹培昌,63
俞灏明,63
孟霞[中国内地女演员],63
姜潮[中国男歌手、演员],63
长安村,63
贺军翔,63
苏青[中国内地女演员],63
米莎·巴顿,63
陈坚,63
白塔村,63
渡边杏,63
内蒙古大学,63
黄庄村,63
周炜[相声演员],63
李艳,63
范鸿轩,63
朱相昱,63
周德华[中国内地影视演员],63
詹姆斯·卡维泽,63
陈奕[中国台湾影视男演员、流行乐歌手],63
真木阳子,63
梁葆贞,63
朱亚文[中国大陆男演员],63
楠迪·宗拉维蒙,63
柳影虹,63
宋善美,63
宋承宪,63
江欣燕,63
张大礼,63
田海蓉,63
金在中,63
吴慷仁,63
本·威士肖,63
尼科莱特·谢里丹,63
王灿[中国台湾男演员],63
金宣敬,63
王东泰,63
柄本明,63
财务管理,63
张本渝,63
赵亮[中国内地男演员],63
赵敏,63
魏子涵,63
二宫和也,63
郑家榆,63
李小萌[内地演员],62
川岛海荷,62
陆诗雨,62
肖恩·宾,62
亚美莉卡·费雷拉,62
吕聿来,62
狄波拉,62
玛高·哈什曼,62
赛琳娜·戈麦斯,62
柳时元,62
高圣远,62
朱铁,62
田启文,62
杜俊泽,62
王一[中国内地男演员],62
杨丽晓,62
杰米·钟,62
官恩娜,62
李易峰,62
金康宇,62
王海燕,62
郑元畅,62
牟星,62
车和娟,62
菜菜绪,62
权海孝,62
瑞秋·麦克亚当斯,62
邢宇菲,62
卡特琳娜·格兰厄姆,62
许绍洋,62
田野,62
平祐奈,62
黄政民,62
丹琳,62
李君妍,62
安娜·肯德里克,62
池内博之,62
本尼西奥·德尔·托罗,62
江疏影,62
杨辉,62
周军,62
郑源[中国流行男歌手],62
陈旭,62
郑雨盛,62
张嘉倪,62
张韶涵[华语流行乐女歌手、影视演员],62
郭书瑶,62
朱永棠,62
郑仲茵,62
蕾妮·齐薇格,62
周诗璇,62
吴宗宪[台湾综艺节目主持],62
王亮,62
威尔·史密斯[美国演员、歌手],62
刘文治[话剧演员],62
张榕容,62
刘建,62
杰西卡·阿尔芭,62
神保悟志,62
蔡时那,62
景甜,62
迈克尔·杰克逊[美国著名歌手],62
杰森·贝特曼,62
左金珠,62
牛骏峰,62
王锋,62
郭东文,62
孟广美,62
安娜·法瑞丝,62
马骏,62
窦骁,62
王雷,62
毛乐,62
沙坝村,62
福士苍汰,62
陈肖依,62
西耶娜·盖尔利,62
柳秀荣,62
高洋[中国内地女演员],62
晋久,62
韩智慧[韩国女演员],62
傅亨[中国大陆影视演员],62
乔乔[中国内地女演员],62
唐禹哲,62
巫迪文,62
罗美薇,62
萧兵[中国内地男演员],62
兄弟,62
孙波,62
文贞熙,62
宋仲基,62
六小龄童,62
李·佩斯,62
蒋梦婕,62
瑞茜·威瑟斯彭,62
成都农业科技职业学院,62
玛姬·格蕾斯,62
武汉大学,62
华南理工大学,62
阿兰·达瓦卓玛,62
渡濑恒彦,62
张炜,62
杉本彩,62
昆汀·塔伦蒂诺,62
毛俊杰,62
大岭村,62
孔刘,62
张鲁一,62
李多海,61
战菁一,61
江涛,61
郭晓婷,61
江国宾,61
杨村,61
崔佩仪,61
刘莉,61
陶飞霏,61
张艳,61
本田翼,61
张曦文[中国大陆影视演员],61
吉泽亮,61
陈宏,61
韩晓[中国大陆女演员],61
史蒂夫·卡瑞尔,61
李鹏,61
吴映洁,61
艾瑞克·巴纳,61
扎克·埃夫隆,61
伍允龙,61
李准基,61
于慧[中国内地女演员],61
李玹雨,61
徐佳[中国内地男演员],61
巩峥,61
王韦智,61
城南村,61
凯特·玛拉,61
马特·波莫,61
李东霖,61
赵奎娥,61
张致恒,61
付辛博,61
李宇春[中国女歌手],61
李飞,61
四川师范大学,61
大路村,61
欢子,61
杨欣[影视演员],61
麦翠娴,61
秦俊杰,61
王浩信,61
郭虹[影视演员],61
王良[中国内地男演员、导演],61
刘阳,61
王佳宁,61
崔漫莉,61
城北街道,61
乌日根[中国内地男演员],61
孙燕姿[华语流行乐女歌手],61
张籽沐,61
铃木杏,61
林周焕,61
虎,61
李东健[韩国演员],61
张洁,61
卡里斯·范·侯登,61
克莱尔·丹尼斯[美国演员],61
安娜·坎普,61
彼得·费辛利,61
南开大学,61
高田村,61
沈惠珍,61
吉米·辛普森,61
娜仁花[电影演员、导演],61
于滨[内地演员],61
王艳,61
下坝村,61
李治廷,61
叶玉萍,61
孟秀,61
蔡贞安,61
赵晓明[八一制片厂演员],61
北野武,61
章申[中国内地男演员],61
陈丽娜[中国内地演员],61
凯迪[中国内地女演员],61
艾丹·吉伦,61
柳乐优弥,61
李曼[中国内地女演员],61
盖克,61
刘燕,61
初恋,61
卢达·克里斯,61
莎拉·卡特,61
陈真希,61
吴嘉龙,61
程愫,61
中国科学技术大学,61
徐东元,61
贾斯汀·查特文,61
涩谷天马,61
郝洋,61
马卫军,61
凤山村,61
蒋毅[中国影视男演员],61
毛林林,61
卡卓尔,61
竹园村,61
桂纶镁,61
凯文·杜兰,61
王媛可,61
西营村,61
赵阳[中国大陆内地著名演员],61
吴美珩,61
莎拉·杰西卡·帕克,61
姜惠贞,61
王心凌,61
冯波[中国内地女演员],61
指原莉乃,61
王传一,61
齐秦,61
黄宗洛,61
萧浩冉,61
傅颖[中国香港女歌手、演员],61
中山大学[中国台湾地区高校],61
炜烈,61
李嘉明[中国大陆演员],60
邹廷威,60
王进,60
宫泽理惠,60
吴建飞[演员、歌手],60
王海燕[中国内地女演员],60
片濑那奈,60
于明加,60
陈浩,60
李钟硕,60
郝劭文,60
白薇秀,60
田庄村,60
黄强,60
瓦窑村,60
西南政法大学,60
鹿晗,60
朴艺珍,60
陈炜[香港女演员],60
曾赞安,60
陈龙,60
凯姆·吉甘戴,60
黎桐康,60
延政勋,60
林好,60
刘晓虎[中国内地男演员],60
INFINITE[韩国男子流行演唱团体],60
王岩,60
陈依莎,60
程媛媛[中国内地影视女演员],60
侯京健,60
线性代数,60
高家庄村,60
李云,60
冯巩,60
潘春春[影视演员模特],60
范雷[中国大陆演员],60
山本美月,60
王伟华[中国大陆男演员],60
忽那汐里,60
谷智鑫,60
宋康昊,60
任泽巍,60
大连理工大学,60
李雨轩[中国内地影视男演员],60
王卫东,60
李旭,60
杨超,60
龙山村,60
武嘉辉,60
韩志[中国影视导演、编剧],60
何宝生[著名演员],60
韩孝周,60
杰西·艾森伯格,60
赵奕欢,60
PPTV（中国大陆）,60
新坪村,60
王俐人,60
沈腾,60
东街村,60
宋楚炎,60
杨舒婷,60
赵强,60
杨采妮,60
新城村,60
林遣都,60
吴云芳[上海电影制片厂演员],60
窦智孔,60
刘天佐,60
李廷镇,60
严正花,60
沈恩敬,60
吴勇,60
李尚禹,60
吉姆·帕森斯,60
徐海为,60
森田刚,60
韩庚[中国内地影视男演员、流行乐歌手],60
保罗·沃克[美国演员],60
诸葛亮,60
温明娜,60
梁洁华[香港艺人],60
吴华新[中国香港男演员],60
纪宁[中国内地男演员],60
南京大学,60
江若琳,60
陈一方[八一电影制片厂青年演员],60
李荣,60
卢海华,60
徐英姬,60
工藤阿须加,60
任东霖,60
边潇潇,60
马宗德,60
金钟国,60
海子村,60
蒋璐霞,60
陈琳,60
郑俊河,59
约瑟夫·摩根,59
刘岩,59
岳秀清,59
梁俊一,59
柳承龙,59
徐天佑,59
陈亚兰,59
陈光,59
莱斯利·曼恩,59
刘俏麟,59
金希澈,59
郭柯宇,59
拉妮·玛克赫吉,59
崔林[中国内地男演员],59
刘静怡,59
李思博,59
哀川翔,59
约翰·卡拉辛斯基,59
李红陶,59
复旦大学,59
蒲公英,59
仇永力,59
李琳,59
李敏英,59
佟骏,59
何洁[中国内地女歌手、演员],59
林家川,59
潘雨辰[辽宁籍影视演员],59
金桢勋,59
李清娥,59
南宫珉,59
田中千绘,59
惠特妮·休斯顿[已故美国女歌手、演员],59
刘飞,59
明星村,59
曾爱媚,59
基础会计,59
金宇彬,59
谢宁[影视男演员],59
艾伦·佩姬,59
朱俞硕,59
董维嘉,59
李江,59
张瑜[美籍华裔女演员],59
宗平[内地演员],59
东坪村,59
张娜拉,59
卓胜利[台湾影视演员],59
高锦,59
徐敏,59
连静雯,59
庄静而,59
沃恩吉莱·勒姆威拉伊,59
黄曼梨,59
王东方[中国内地演员],59
郑希怡,59
林秀君,59
夏于乔,59
武洪武,59
后庄村,59
大河村,59
李佳璇[中国内地女演员、模特],59
蔡淑臻,59
严慧明,59
大沟村,59
陈廷嘉,59
陈飞,59
矢作穂香,59
湖北大学,59
高钧贤,59
西北大学[中国西北大学],59
唐以诺,59
朴建态,59
刘子菲[中国内地女演员],59
詹姆斯·达西,59
西坡村,59
林爽[中国内地女歌手、演员],59
王宁[中国内地男演员],59
丁一宇,59
冯国强[影视演员],59
杨蕊[中国内地女演员],59
魏大勋,59
王小平,59
TAE[泰国演员],59
于杪鑫,59
田馥甄,59
徐松子,59
叶青[中国内地女演员],59
劳伦·赫顿,59
官田村,59
张海涛,59
孙桂田,59
王劲松[北京电影学院表演学院副院长],59
李泳豪,59
崔秀林,59
王春元[影视演员],59
康磊,59
陈洁[中国内地影视女演员],59
刘文,59
曹众,59
郑容和,59
丫口村,59
李心洁,59
李素妍[韩国演艺明星李素妍],59
黄造时,59
李英爱,59
胡诺言,59
庄濠全,59
张志刚,59
马晓晴[中国内地女演员],59
王亮[中国内地小演员],59
长岭村,59
石山村,59
吴超[中国内地男演员],59
西耶娜·米勒,59
邹凯光,59
朴基雄,59
刘林,59
张明健,59
吴健[中国内地影视男演员],59
迈克尔·凯利,59
伯恩·安德森,59
李敏豪,59
娄宇健,59
阿德琳妮·帕里奇,59
商蓉,59
当归,59
李美凤[中国香港女演员],59
南阳村,59
王辉[北京人民艺术剧院青年演员],59
金瑟祺,59
秘密,59
麦嘉[香港演员],58
张晓东,58
李彧[中国内地影视男演员],58
林健寰,58
李雅男,58
胡宇威,58
姜栋元,58
迪丽热巴,58
朴恩斌,58
李易霖,58
颜冠英,58
阿什顿·库彻,58
高洙,58
桑迪·牛顿,58
涂玉芳,58
思念,58
刘亚仁[韩国男演员],58
秀爱,58
山田凉介,58
王冠淇,58
葛兰[香港演艺界人士],58
张慧,58
祝文君[香港艺人],58
王阳[中国内地影视男演员],58
徐僧,58
张睿[中国内地影视男演员、流行乐歌手、主持人],58
尤敏,58
谢润[四川影视演员],58
杨奇雨,58
陈熙琼,58
姬他,58
李欣,58
范志博,58
郑丽媛,58
馨子,58
崔振赫,58
活着,58
西内玛利亚,58
华东师范大学,58
张振朗,58
崔始源,58
松下奈绪,58
田少军,58
小屯村,58
郑晓东[中国内地男演员],58
文雪儿,58
赖琳恩,58
胡军,58
周明,58
王霞,58
赵汉善,58
姚星彤,58
翟天临,58
杨平,58
罗纳尔多·路易斯·纳扎里奥·达·利马,58
那英,58
张佳楠,58
吴涟序,58
贾森·比格斯,58
腾讯视频,58
唐丽球,58
西蒙·佩吉,58
张明明[中国内地男演员],58
魏鹤龄,58
杨庄村,58
高以翔,58
黄平,58
陈孝萱,58
田成仁,58
吉莉安·雅各布斯,58
蔡国威,58
朱孝天,58
史可[北京籍女演员],58
杨洋[中国内地男演员],58
夏凡[演员],58
概率论与数理统计,58
金荷娜[韩国女演员],58
何傲儿,58
三吉彩花,58
车晓,58
李宥利,58
邢琪琦,58
梁馨[中国超级名模],58
尊龙,58
赵薇[华语影视女演员、歌手、导演],58
山田裕贵,58
黄磊,58
曾之乔,58
池昌旭,58
国建勇,58
邓紫棋,58
郭蔼明,58
张靓颖,58
武强[中国内地影视男演员],58
丽兹·卡潘,58
方润华[企业家],58
李阵郁,58
牛萌萌,58
三上博史,58
吕夏,58
吴尊,58
何平,58
李启杰,58
宇野重吉,58
杰瑞德·莱托,58
柴碧云,58
新木优子,58
黄家驹[中国香港歌手、音乐人、吉他手、Beyond主唱],58
乔宝宝,58
迈克尔·道格拉斯,58
何佳怡,58
马睿[女演员马睿],58
高庄村,58
南志铉[韩国女演员],58
李春,58
王瑞,58
林伊婷,58
郭连文,58
朴容夏,58
保罗·贝坦尼,58
范·迪塞尔,58
瓦蕾莎·马兰洛,58
汤宝如,58
张天其,58
沈世朋,58
婉娜拉·宋提查,58
李敏镐,58
松井珠理奈,58
邓丽君[中国台湾歌唱家],58
李昇基,58
元彪,58
申敏儿,58
徐玄振,58
薛之谦[中国内地男歌手、音乐制作人、演员],58
全慧彬,58
林更新,58
莎莉·霍金斯,58
城南街道,58
白珍熙,57
山本舞香,57
林国斌,57
亚历山大·斯卡斯加德,57
朴宝英,57
岛崎遥香,57
谭松韵,57
轮回,57
于莉红,57
朱军,57
王建中,57
余少群,57
关浩扬,57
郑允浩,57
白庆琳,57
张勇手,57
嫦娥,57
田坝自然村,57
李克勤[中国香港歌手、演员、主持],57
胡世群,57
沈恩珍,57
韩惠淑,57
一个人,57
胡家村,57
金宝罗,57
奥黛丽·塔图,57
太平镇,57
程小东,57
约翰·赫特,57
王传君[中国男演员],57
周璞[中国内地影视男演员],57
方文琳,57
刘晓晔[中国大陆女演员],57
叶山豪,57
黄勐,57
珍妮弗·琼斯,57
金伦奭,57
李东学,57
刘心悠,57
魏鹏[中国内地影视男演员、歌手、主持人、编剧],57
洪宗玄,57
松林村,57
陈嘉辉,57
长野博,57
贡米[中国内地女演员],57
梅拉尼·罗兰,57
周林,57
斯科特·阿金斯,57
容祖儿,57
王之夏,57
周平,57
布兰妮·斯皮尔斯,57
范逸臣,57
李槐龙,57
韩志旼,57
萧敬腾[华语流行男歌手],57
金显祐,57
周笔畅,57
佐藤隆太,57
六合村,57
马力,57
王双宝,57
白水村,57
和平乡,57
安妮特·贝宁,57
王伟光[内地演员],57
王乐妍,57
康乃馨,57
斓曦,57
艾米莉·莫迪默,57
温泉村,57
李润祺,57
金廷恩,57
李佳航[中国内地男演员],57
林雅诗,57
爱丽丝,57
刘红,57
李至正,57
海利·乔·奥斯蒙特,57
三浦翔平,57
吉米·法伦,57
彼特·丁拉基,57
大坪子村,57
朱健钧,57
中国地质大学[北京],57
唐一菲,57
吴妍秀,57
米拉·库妮丝,57
刘真佑,57
复兴镇,57
文昌阁,57
杨毅,57
西沟村,57
孟潞,57
黄一山[香港演员],57
周庄村,57
李楠,57
车婉婉,57
满岛真之介,57
李光明,57
战卫华,57
罗美兰[韩国女演员],57
大仓忠义,57
金赛纶,57
南京航空航天大学,57
王建福[中国内地男演员],57
吕孔维,57
纪永清,57
罗密·施奈德,57
王雨[中国内地男演员],57
李玟,57
李泰[中国大陆男演员],57
古川雄辉,57
刘园园[中国内地女演员],57
东城区,57
刘冠成[演员],57
周显欣,57
李易祥,57
张勋杰,57
小嶋阳菜,57
河南理工大学,57
迈克尔·库立兹,57
吴卓翰,57
井上正大,57
何思融,57
刘长纯,57
郜耀平,57
长冲村,57
山前村,57
韩雨芹,57
阿黛尔·阿德金斯,57
潘泰名,57
杜建桥,57
藤原纪香,57
刘绰琪,57
李坤霖,57
昆明理工大学,57
陈国坤,57
许敏[中国内地男演员],56
谭俊彦,56
武艺[歌手],56
约翰尼·盖尔克奇,56
文梦洋,56
宋昰昀,56
织田信长,56
齐如意,56
清水镇,56
黄正音,56
姜黎黎,56
田沅,56
克里斯·海姆斯沃斯,56
周惠林,56
苏州大学,56
陈彦妃,56
新山村,56
弗兰克·格里罗,56
周敏,56
李立[中国内地演员],56
毛晓彤,56
水头村,56
庄头村,56
朴海镇,56
韩高恩,56
汤晶媚,56
李燕[台湾演员艺人],56
路,56
城北村,56
中国传媒大学,56
高玉庆,56
钱波[中国内地演员],56
丽贝卡·罗梅恩,56
张亚坤[中国内地影视演员],56
赵东赫,56
辉县市,56
曲栅栅,56
KBS京都,56
马赫[中国内地男演员],56
宋佳伦,56
宋轶[演员],56
闵春晓,56
李熙俊[韩国演员],56
王柏杰[中国台湾影视男演员],56
鲍蕾,56
邵敏[中国内地著名演员],56
李菲儿,56
修革,56
西安交通大学,56
刘向京,56
孙浩[中国内地流行乐男歌手、影视演员],56
石桥乡,56
时任三郎,56
阿比盖尔·斯宾赛,56
张逸杰,56
森久保祥太郎,56
叶新晨,56
麦蒂森·达文波特,56
李思蓓,56
徐正溪,56
美梦成真,56
冢本晋也,56
山谷花纯,56
李晶,56
陈宁,56
翁清海,56
陈宝莲[中国香港女演员],56
多米尼克·珀塞尔,56
黛博拉·蔻儿,56
湖南大学,56
大安村,56
崔珉豪,56
李小燕[国家一级演员],56
朴真熙,56
莉莉·索博斯基,56
王凯韦,56
陈颢文[上海籍男演员],56
于小彤,56
李丽,56
詹妮弗·洛佩兹,56
洪洙贤,56
安迪·加西亚,56
王建,56
倪萍[节目主持人、演员和作家],56
玄彬,56
赵茹珍,56
曾恺玹,56
秋元才加,56
"腾讯视频\"",56
王侃伟[中国内地男演员],56
张潮[中国影视演员],56
李德华[韩国演员],56
陈萍,56
北村有起哉,56
王小凤[香港影视演员],56
熊晓雯,56
娄艺潇,56
潘斌龙,56
刘昌伟[中国男演员],56
韩冰,56
刘晓洁,56
刘忻[中国流行原创女歌手、演员],56
本木雅弘,56
金泰希[韩国影视女演员],56
李若嘉,56
李健仁,56
MIC男团,56
洪乙心,56
姚嘉妮,56
董晓燕[中国内地女演员],56
丽芙·泰勒,56
李枖原,56
曹家村,56
李罗,56
葛子铭,56
姜智英,56
高明,56
邱万城,56
南相美,56
重庆大学,56
杰弗里·拉什,56
李英,56
蒋竹青,56
乔红[影视演员],56
姜彤[中国内地演员],56
瑞切尔·泰勒,56
文咏珊,56
陈颖,56
本田望结,56
包美美,56
徐熙娣,56
刘江,56
李兆基[香港影视编剧、艺人],56
山口百惠[日本著名影视歌三栖明星],56
葛丽泰·嘉宝,56
马诺洛·卡尔多纳,56
新安村,56
成宥利,56
清流镇,56
霹雳天命之仙魔鏖锋Ⅱ斩魔录,56
中岛裕翔,56
东出昌大,56
坛蜜,56
杨梓墨,56
杰拉德·巴特勒,56
高俊熙,56
布兰登·罗斯,56
姚元浩,56
洪小铃,56
刘在石,56
李天熙,56
李岚[中国影视女演员],55
重生,55
文瑾莹,55
夏如芝,55
赵宁宇,55
李新,55
胡宗祥,55
徐成林[沈阳籍演员],55
建新村,55
北京科技大学,55
大卫·文翰,55
张志明,55
松田翔太,55
柯佳嬿,55
盖丽丽,55
刘晨霞,55
李婷宜,55
韩相镇,55
武井咲,55
陈妙瑛,55
张大静,55
刘恩佑,55
曾安琪,55
南京农业大学,55
肖雨雨,55
江铠同,55
西南交通大学,55
朴诗妍,55
龙泉村,55
金锡勋,55
琼·芳登,55
吴亦凡,55
中国解放军信息工程大学,55
郑罗茜,55
关少曾,55
班嘉佳,55
乔尔·金纳曼,55
菊花,55
邓兆尊,55
张定涵,55
朴英奎,55
蓝盈莹,55
杨涵斌,55
岩脚村,55
黄玉荣[中国台湾男歌手、演员],55
郭品超,55
三联村,55
哈尔滨工业大学,55
周楚濋,55
蕾切尔·李费佛,55
董慧[女童星],55
胡小庭[中国内地女演员],55
邓莎,55
涓子,55
姚居德,55
孙涛,55
任家萱,55
迈克·沃格尔,55
斑斑[中国香港女艺人],55
林晓凡[中国内地男演员],55
霹雳狼烟之九轮燎原,55
李新华,55
周晓鸥,55
牛郎织女,55
曹炳琨,55
高寨村,55
魏巍[中国内地男演员、主持人],55
陈美行[中国内地女演员],55
熊伟,55
张铎[陕西籍影视演员],55
王超[解放军空军政治部电视艺术中心演员],55
范玮琪,55
郑玉[中国内地演员],55
鲁敏宇,55
周毅,55
芭芭拉·史翠珊,55
王骁[中国内地男演员],55
王彩桦,55
曹承佑,55
符涛[中国内地童星男演员],55
刘美含,55
派珀·佩拉博,55
徐智慧,55
臧洪娜,55
李小平,55
张锋,55
茅子俊,55
李智楠,55
周莉[湖北荆州籍影视女演员],55
李珉廷,55
新华乡,55
金盛宇,55
吴绮莉,55
杰丝·威克斯勒,55
黄敏仪[影视演员],55
李炳俊,55
叶世荣,55
吴倩[中国女演员],55
莱丝莉·比伯,55
牛丽燕,55
王全有,55
裴勇俊,55
张志勇,55
永兴村,55
李帝勋,55
桂花村,55
尹恩惠,55
中叔皇,55
徐珠贤,55
都暻秀,55
施易男,55
杨潞,55
梅根·福克斯,55
郭法曾,55
苏可,55
柳演锡,55
丽塔·海华丝,55
赵又廷,55
朴智妍,55
童冰玉,55
天使,55
李绮雯,55
田亮[艺人、奥运冠军],55
河南大学,55
佟悦[中国大陆男演员],55
王霙,55
周牧茵,55
张子枫,55
刘锋,55
白成铉,55
金圭丽[1979年8月出生韩国女演员],55
潘之琳,55
韩庄村,55
刘思言,55
龙凤村,55
王娟,55
那威,55
劳伦·格拉汉姆,55
田家达,55
赵珈琪,55
周扬[中国内地女演员],55
李在皇,55
蔡颐榛,55
沈卓盈,55
苏怡贤,55
乔什·哈奈特,55
田宇,55
上海交通大学,55
于洪林,55
费雯·丽,54
宫正楠,54
李金铭[中国女演员],54
谢欣颖,54
宋梓侨,54
金南佶,54
中央财经大学,54
朴世荣,54
东里村,54
千正明,54
黄辉,54
光良,54
赵显宰,54
庄思敏,54
家,54
吴幸美,54
邵汶,54
吴宇森,54
姚宏合美,54
鱼,54
太和村,54
周博文[影视演员],54
陈百强,54
梁音[中国表演艺术家],54
袁满[大陆男演员],54
王冰,54
季芹,54
庾澄庆,54
梅利莎·乔治,54
披拉·尼迪裴善官,54
徐熙颜,54
李泰成,54
玛德琳·卡罗尔,54
谭非翎,54
刘晓东,54
张岩,54
王晓曦[演员、导演],54
樊昱君,54
姚庄村,54
陈晴漪,54
吴家乐,54
草笛光子,54
金柱赫,54
山崎贤人,54
杨雨婷[中国内地女演员],54
岳虹[人名],54
大桥镇,54
任时完,54
艾梅柏·希尔德,54
中国矿业大学,54
池贤宇,54
吴婷[影视演员],54
姚雨鑫,54
高子沣,54
张雅涵[童星张雅涵],54
那志东,54
蒋祖曼,54
韩再芬,54
赵亮,54
沈畅,54
梁静茹,54
洛葳,54
陶慧[中国大陆女演员],54
李昊翰[影视演员],54
苑冉,54
陈文,54
蔡黄汝,54
王莹,54
陈友旺,54
柳善,54
罗伯特·泰勒[美国1911年生电影演员],54
复兴村,54
刘卫东,54
张锦程[中国香港影视男演员、主持人],54
四川农业大学,54
鸿利[中国内地女演员、歌手],54
霹雳狼烟之古原争霸,54
入江甚仪,54
郑雄仁,54
陈莹[中央剧院演员],54
北京航空航天大学,54
尹铸胜,54
金喜爱,54
李宜娟,54
王栋,54
成贤娥,54
尼古拉斯·霍尔特,54
多米尼克·库珀,54
水岛宏,54
崔哲浩[韩国演员],54
大兴镇,54
凯蒂·卡西迪,54
何超仪,54
赵寅成,54
王龙华,54
高婷婷,54
吴咏红,54
张喜前,54
刘文正[中国台湾男歌手、演员、主持人],54
李滨[中国内地男演员],54
金范,54
宋怡霏,54
尹启相,54
北京建筑工程学院,54
具惠善,54
苏瑾[内地影视女演员],54
杰西卡·贝尔,54
余子明,54
张豪龙,54
张雨绮,54
"动画《我叫白小飞》\"",54
洪依萍,54
白柳汐,54
胜利街道,54
希拉里·斯万克,54
杨建华,54
段丽阳,54
姜寒[中国内地演员],54
城南社区,54
林允儿,54
徐永革[中国内地男演员],54
陶为,54
陈美诗,54
马境[中国大陆女演员],54
董家村,54
陈秀丽[影视演员],54
刘长德[中国大陆男演员],54
汉川市,54
王少伟[中国影视演员、歌手],54
成康,54
浙江大学,54
张俊,54
鲍汉琳,54
茶花女,54
王小毅[中国内地男演员],54
王陈怡娴,54
王晖,54
陈亦飞,54
汪峰[中国摇滚歌手、音乐人],54
瑞恩·高斯林,54
李天柱[中国台湾金钟奖演员],54
河北麻友子,54
竹内凉真,54
河西镇,54
中川大志,54
喻恩泰,54
玛丽亚·凯莉[美国女艺人],54
赵文琪,54
张蕾,54
李世鹏[中国内地男演员],54
赵慧仙,54
邱胜翊,54
向华强,54
全度妍,54
郑敬淏,54
欧豪,54
孙庄村,54
梁庄村,54
陆昱霖,54
张建,54
黑龙,54
荆浩[中国内地男演员],54
王文,54
席与立,54
张杰[中国内地流行男歌手],54
凯特·波茨沃斯,54
郭柯彤,54
戴夫·弗兰科,54
中国政法大学,53
袁振洋,53
窑上村,53
郭冬临,53
申世景,53
杨珑,53
搜狐视频,53
郭晓然,53
华东理工大学,53
栗原小卷,53
黎宣,53
赵会南,53
王建民,53
巨兴茂,53
杨一展,53
迪安娜·阿格隆,53
陕西师范大学,53
吴中天,53
合肥工业大学,53
高梓淇,53
韩银龙,53
乔什·哈切森,53
罗翔[中国内地影视男演员、流行乐歌手],53
白国伟,53
向海岚,53
传说,53
吴珊珊[影视演员],53
杨净如,53
李奇龙,53
张琳,53
四川大学,53
西北农林科技大学,53
张峻宁,53
大村村,53
黄敏,53
大麦地村,53
金晨[中国内地90后女演员],53
加利福尼亚大学洛杉矶分校,53
张荣,53
王兵,53
郑银宇,53
罗德里格·桑托罗,53
傅天骄,53
张宝玺,53
罗伯特·帕丁森,53
弗莱迪·海默,53
徐家村,53
徐婧灵,53
斯坦娜·卡蒂克,53
李政,53
宋昌义,53
高田昊,53
邓英[中国内地女演员],53
缪婷茹,53
章艳敏,53
张国强,53
周野芒,53
陈复生[中国香港女演员],53
麦迪娜,53
刘欣,53
中国农业大学,53
刘雨欣,53
赵辉,53
崔宇植,53
黄灿盛,53
上寨村,53
晋中市,53
金敏喜,53
凯利·蕾莉,53
黄泆潼,53
丹阳市,53
徐源[中国内地童星],53
谢苗[武术演员],53
唐艺昕,53
赵麒[中国大陆演员],53
徐仁国,53
宗灵,53
张弛,53
朱时茂,53
古力娜扎,53
张梓烈,53
李梦[中国内地女演员],53
姜河那,53
川口春奈,53
姜皓文,53
王一博[UNIQ组合成员],53
石井正则,53
杰瑞米·埃尔卡伊姆,53
黄子韬,53
刘柏希,53
杰曼·翰苏,53
营盘村,53
宫武美樱,53
杨心仪,53
宫泽佐江,53
朱子岩,53
永丰村,53
姚明[中国篮球协会主席、中职联公司董事长],53
骏雄,53
瑞斯莉·巴伦茜雅嘉,53
杰西卡·斯佐尔,53
毛泽东,53
王锐,53
米歇尔·莫娜汉,53
宜兴市,53
张澍[黑龙江籍女演员],53
赤西仁,53
林源[中国内地女演员],53
利智,53
中南大学,53
孟瑶[影视演员],53
苏醒[中国大陆歌手],53
刘品言,53
管宗祥,53
临泉县,53
美琳达·克拉克,53
白庙村,53
李应敬,53
那家威,53
吕慧仪,53
张小磊,53
卡曼妮·耶美肯,53
杨子姗,53
杨青,53
刘腾远,53
李念[影视演员],53
松尾谕,53
李帅[影视演员、话剧演员],53
王仁君,53
李建群[中国大陆女演员、服装设计师],53
曹苑,53
关聪,53
安德丽亚·瑞斯波罗格,53
杨静儿,53
蔡庄村,53
金秀贤[韩国1988年出生男演员],53
霹雳狼烟之万堺尘涛,53
陈建平,53
张惠妹,53
热依扎,53
徐梵溪,53
丹尼斯·奎德,53
管乐[北京儿童艺术剧院演员],53
凯丽·拉塞尔,53
湘西民族职业技术学院,53
李逸朗,53
下河村,53
安雅[中国台湾女演员],53
西安电子科技大学,53
爱登·舍尔,53
山崎敬一,53
赵擎,53
江思莹,53
大寨自然村,53
李立,53
刘智泰,53
张凤妮,53
威廉·菲德内尔,53
藤井美菜,53
王学军,53
李佳[影视演员],53
马修·古迪,53
苏庄村,53
肖涵[内地女演员],53
潘时七,53
丸山智己,53
徐钰涵,53
梁靖琪,53
迪伦·麦克德莫特,53
爱情故事,52
李大强[中国内地演员],52
袁家村,52
韩国,52
约翰·奥提兹,52
龙洞村,52
沈智浩,52
艾玛·贝尔,52
李美琪,52
林瑞阳,52
刘丹,52
宋一国,52
史天庚,52
范春霞,52
石头村,52
城西村,52
瑛士,52
中国海洋大学,52
蕾克·贝尔,52
朱慧敏[2004年香港小姐亚军],52
史磊[中国内地男演员],52
李兴文[中国台湾男演员],52
付强,52
黄瀞怡,52
于咏琳,52
宫崎香莲,52
彭禺厶,52
新城街道,52
安德鲁·林肯,52
老城镇,52
刘济恺,52
柳镇,52
藤冈靛,52
希拉里·达夫,52
凯尔·钱德勒,52
南坡村,52
张宁江,52
田璐菡,52
田头村,52
阿莉尔·凯贝尔,52
李翊[中国台湾男演员],52
珍娜·迪万,52
陈治良[亚洲知名健美运动员],52
新龙村,52
约瑟夫·费因斯,52
鹤野刚士,52
杨玏,52
李珊珊[中国香港女演员],52
万思维,52
赵韩樱子,52
王艺禅,52
张英红,52
韩国湖原大学,52
朱龙广,52
陈艺瑟,52
安心亚,52
张晓红,52
赵熠洋,52
王珏,52
南京师范大学,52
神奈川电视台,52
陈加玲,52
陈嘉桦,52
由力,52
雷牧,52
申素率,52
王妍苏,52
潘宜刚,52
胡东[中国内地男演员],52
李宗盛[歌手、音乐制作人],52
伊万·彼得斯,52
刘清,52
高雄市,52
艾伦·阿什莫,52
西北工业大学,52
彩虹,52
长安大学,52
陈哈妮,52
戈伟如,52
陆子艺,52
白歆惠,52
李瑞镇,52
马路村,52
徐璐[中国内地女演员],52
曹秋根,52
英壮,52
胡伟,52
陈宇,52
林忆莲[华语流行乐女歌手、影视演员],52
琼·艾伦,52
黄品沅,52
霹雳经武纪之枭皇论战,52
尹馨梓,52
张璇[中国内地女演员],52
温特沃斯·米勒,52
严基俊,52
张浩天[北京籍男演员],52
金桐俊,52
李尚允,52
尔玛依娜,52
洪卫[南京军区政治部前线文工团演员],52
金素恩,52
长沟镇,52
河锡辰,52
吴涛,52
尼查坤·抔勒威查固,52
西南大学荣昌校区,52
大屯村,52
张琦,52
熊黛林,52
徐申东,52
刘家庄村,52
冯玉玺,52
北京大学,52
布莱克·莱弗利,52
朱敏,52
张锐,52
一见钟情,52
姜妍[中国内地女演员],52
韩瑜[台湾演员],52
BEAST[韩国组合],52
张晗[中国大陆女演员],52
灯塔村,52
金智媛,52
孙家村,52
李茂[中国内地男艺人],52
朴宝剑,52
上海职工体育运动技术学院,52
马家庄村,52
永和镇,52
高波,52
李沇熹,52
郭晓峰[中国内地男演员、导演],52
全智贤,52
陈永棋,52
雷鸣,52
林沐然,52
山东华宇工学院,52
童爱玲,52
刘兵,52
冯千[广东话剧院国家二级演员],52
三峡大学,52
麦景婷,52
张琼姿,52
蔡国庆[中央军委政治工作部歌舞团歌唱演员],52
梁丽[中国内地女演员],52
边程,52
西北大学南校区,52
张哲瀚,52
陶思源,52
许小行,52
张竞达,52
顾艳[上海戏剧学院出身演员],52
高素熙,52
郑中玉[中国内地影视男演员],52
王梓蘅,52
吴紫彤,52
高岭镇,51
有冈大贵,51
袁菲[内地影视女演员],51
张鑫,51
史蒂夫·麦奎因[美国电影演员、赛车手],51
蔡俊涛,51
南京工业大学,51
周洁[国家一级舞蹈演员],51
东南村,51
定远县,51
杨皓宇,51
太原工业学院,51
艾拉·菲舍尔,51
东联村,51
南京理工大学,51
林伟,51
拉斐尔,51
伊娃·门德斯,51
吴皓升,51
刘美珊,51
塞巴斯蒂安·斯坦,51
艾尔顿·约翰,51
我愿意,51
金相庆,51
孙恩书,51
在路上,51
蔡尚甫,51
伊春德,51
朴智彬,51
太和县,51
杨阳,51
崔一静,51
观音寺,51
丹尼尔·雷德克里夫,51
柴田杏花,51
刘冠霖,51
龙星凉,51
滨海新区,51
上坪村,51
上海杉达学院,51
桃花村,51
吴佩慈,51
陈小妹[中国内地女演员],51
朱亚英[影视演员],51
黎明,51
郑佳欣,51
铃木浩介,51
水泽惠丽奈,51
克里斯托弗·瓦尔兹,51
艾玛·沃特森,51
奇道,51
代旭,51
托马斯·吉布森,51
崔允素,51
王巧,51
西北大学长安校区,51
朱丹[中国内地主持人、演员],51
王永强[中国内地男演员],51
遂宁市,51
东北大学[中国沈阳境内教育部直属重点大学],51
王博,51
陈德修,51
陈莉,51
赵雪莲,51
是安,51
高等数学,51
天津大学,51
沙鲁克·汗,51
张陆[中国内地演员],51
莎妮·索萨蒙,51
申成宇,51
彭冠英,51
复活,51
徐娇,51
金载沅,51
松井玲奈,51
岑丽香,51
胡彦斌,51
共和村,51
周峰,51
邓立民,51
布鲁克,51
青山乡,51
陈淑兰[中国香港演员],51
柳仁英[韩国女演员],51
YaYa[泰国演员、模特],51
李千娜,51
李岩,51
克里斯·帕拉特,51
何嘉丽[香港女演员],51
杨建国,51
油坊村,51
曾少宗,51
敏卡·凯利,51
禹州市,51
洪欣,51
马赛[2008年香港小姐季军],51
杨柳,51
王玉环[香港影视演员],51
中村村,51
崔岷植,51
魏晨,51
查理·汉纳姆,51
周俊伟,51
菜园村,51
翟子陌,51
于朦胧[中国内地男歌手、演员、MV导演],51
薯蓣,51
哈尔滨工程大学,51
王嘉尔,51
张梅,51
麦考利·卡尔金,51
李建,51
耿一正,51
李东,51
于越[中国内地女演员],51
董博文[中国内地童星],51
上营村,51
张书伟,51
陈学冬,51
荥阳市,51
奥莉薇·瑟尔比,51
柏安妮,51
王群,51
狄龙·凯西,51
古铭瀚,51
郑振瑶,51
隋兰,51
凯丽·华盛顿,51
吴健,51
权俞利,51
赵正阳[中国内地影视男演员],51
吕秀菱,51
西岛隆弘,51
成都理工大学,51
杨东根,51
法政大学,51
周柏豪,51
涿州市,51
铃兰,51
郝柏杰,51
埼玉电视台,51
翟小兴,51
唐静[海军政治部电视艺术中心副主任、演员],51
中国传媒大学南广学院,51
周建华,51
杨新鸣,51
清华大学,51
黄纪莹,51
龙劭华,51
平安村,51
金玉彬,51
武文佳,51
原华,51
高小英,51
谈莉娜,51
李湘[电视节目主持人],51
陆星材,51
斌子,51
许多[演员、制片人],51
郑庄村,51
王晓明,51
郑欣宜,51
杨家庄村,51
关亚军,51
河海大学,51
钡,51
西南大学[中国重庆市境内教育部直属高校],51
叶鹏[中国内地演员],51
朴敏英,51
广东药学院,51
李康宜,51
大安镇,51
吴静一[中国内地女演员],51
新庄镇,51
马丽[开心麻花演员],51
闵政,51
爱新觉罗·启星,51
铃木美妃,51
李湘,51
西安理工大学,51
达州职业技术学院,51
蓝飞洋,51
崔秀英[韩国女歌手、演员],51
曹磊[影视演员],51
朴熙顺,51
金材昱,51
沈昌珉,51
李佳,51
张瑞竹,51
柳小海,51
赵平,51
潘婕[中国内地女演员、导演],51
刘丽,51
华少,51
厦门大学,51
戴向宇,51
等,51
纸飞机,51
刘亭作,51
傅羽佳,51
夏春秋[香港电视节目主持人],51
高飞,51
翁美玲,51
尹航[中国内地女演员],51
柳真[韩国女歌手、演员],51
杨议,51
童苡萱,51
马修·格雷·古柏勒,51
楚宣,51
胡先煦,51
蒋怡[明星],51
陶海[中国内地演员],51
陈婧旸,51
梁珊[香港影视演员],51
枫林村,51
王浩男[中国内地演员],51
杨洋,51
张小平,51
白岩村,51
兰州大学,51
孙瀚文,51
白雨[中国内地影视演员],51
太平乡,51
沙维尔·塞缪尔,51
大连海事大学,50
朱庄村,50
安娜·帕奎因,50
王宥胜,50
房哲镛,50
扎兰屯市,50
倪景阳,50
马崇乐,50
铁,50
张光[韩国演员],50
月季,50
李森,50
南京医科大学,50
魏蔓,50
徐少华[山东省戏剧专家、国家一级演员],50
土桥村,50
朴施厚,50
霹雳震寰宇之兵甲龙痕,50
阮丹宁,50
五里村,50
西庄村,50
冯国庆[北京军区战友文工团国家一级演员],50
立威廉,50
解惠清,50
时间机器,50
郭田葰,50
宋茜,50
拉妲·米契尔,50
明世彬,50
唐鉴军,50
孙泰英,50
周志康[中国香港男演员、歌手],50
韩恩贞,50
高坪镇,50
钟祥市,50
河北农业大学,50
刘海涛,50
浙江工商大学,50
李克纯[中国内地女演员],50
丁凯[中央戏剧学院出身演员],50
李海娜,50
翟威廉,50
曹艳[中国内地女演员],50
柴鸥,50
唐·钱德尔,50
高峰村,50
陈少霞,50
黄一琳,50
幸福村,50
王笛[中国内地女演员],50
城关街道,50
暴龙,50
艾德·维斯特维克,50
小河边村,50
上海大学,50
房祖名,50
艾恩·格拉法德,50
石城村,50
周奇奇[中国内地演员、歌手],50
哈尔滨·大学,50
广东工业大学,50
丁庄村,50
奥莉薇·黛·哈佛兰,50
永年县,50
陈素真,50
李岷城,50
裴秀彬,50
张立新,50
金明洙[韩国infinite组合成员],50
太原城市职业技术学院,50
林美贞,50
邵雨薇,50
何勇,50
保安村,50
藤谷太辅,50
肇庆市,50
林妙可,50
桃源县,50
让·杜雅尔丹,50
句容市,50
黄健,50
王艺嘉,50
储小蕾,50
应城市,50
许玮伦,50
王威,50
玳瑁,50
赵磊,50
萧亚轩[中国台湾流行女歌手],50
谢添[表演艺术家],50
南京林业大学,50
张继聪,50
佐野岳,50
水东村,50
刘冰,50
中国矿业大学[北京],50
山口村,50
柳沟村,50
赵建华,50
史力嘉,50
李雅贤[韩国演员],50
凤台县,50
张栋梁,50
前田希美,50
文俊辉,50
夜莺,50
刘雨鑫[女演员],50
北沟村,50
郭雪芙,50
邓筠庭,50
王希维,50
城东社区,50
杨俊勇,50
徐冬冬[中国内地女演员],50
吴诺弘,50
罗丝·麦高恩,50
吉冈里帆,50
许茹芸,50
刘浩龙,50
王华英[中国内地演员],50
乐视,50
鲍鲲,50
米歇尔·罗德里格兹,50
聂雅亮,50
黄河,50
张申英,50
王信然,50
黄海,50
东河村,50
希斯·莱杰,50
黄彦[中国内地影视男演员、模特],50
西北大学[中国陕西省境内全国重点大学],50
焦晃,50
苏州大学文正学院,50
熊睿玲,50
杨刚,50
应昊茗,50
尹胜雅,50
王晖[国家话剧院演员],50
吴昕[中国电视节目主持人、演员],50
艺智苑,50
文素利,50
梁嘉琪,50
李玉刚[中国歌剧舞剧院国家一级演员],50
山东理工大学,50
陈庭妮,50
徐濠萦,50
阿克谢·库玛尔,50
玉泽演,50
吴静,50
胡彩虹[中国内地女演员],50
黄龄[歌手],50
陈凯,50
王光辉[中国内地演员],50
大箐村,50
徐刚,50
甄妮[港台华语乐坛女歌手],50
张迪[中国影视男演员],50
KARA[韩国女子演唱组合],50
孙鹏滨,50
习雪,50
珍惜,50
娃娃,50
傅迦,50
克里斯蒂娜·亨德里克斯,50
埃米尔·赫斯基[美国影视男演员],50
尚于博,50
河边村,50
张国庆,50
曲昱曈,50
周知[中国大陆女演员],50
宙斯,50
西安科技大学,50
马京京,50
建德市,50
李相烨,50
滕文昊,50
刘忠,50
华中农业大学,50
刘洪,50
曙光村,50
杨诚诚,50
李芳,50
海陆[中国内地女演员],50
张琛[中国男演员],50
杨芳,50
知念侑李,50
邓州市,50
东海大学[台湾私立大学],50
厉娜[中国内地流行乐女歌手、影视演员],50
南岭村,50
武汉理工大学,50
梁又南,50
张睿家,50
宁夏大学,50
苏见信,50
郑茜,50
满城县,50
封不觉,50
四川水利职业技术学院,50
辛迪·劳帕,50
安徽工业大学,50
张笛[大陆女演员],50
吴庄村,50
山口达也,50
西安村,50
陈建州[中国台湾男演员、主持人],50
张熙珍,50
杨子[中国巨力集团执行总裁、演员],50
新村乡,50
扎克瑞·莱维,50
郑伟,50
手越祐也,50
何琢言,50
张家川[影视剧演员],50
文卓,49
陈祉希,49
河口镇,49
市场营销学,49
官庄镇,49
陈剑,49
滨崎步,49
张艺谋,49
元斌[韩国明星],49
魏伊,49
李承铉[美国演员、歌手、主持人],49
陈毅,49
泸州职业技术学院,49
金芝荷[韩国女演员],49
崔杰[影视演员、主持人],49
钱雁秋[导演、编剧、演员],49
芦芳生,49
何君诚,49
劳拉·琳妮,49
海宁市,49
龙潭镇,49
吉林农业大学,49
鲁妮·玛拉,49
杨丽萍,49
西林村,49
张琪,49
妈妈,49
陈彦行,49
李桥镇,49
渤海镇,49
杨婉仪,49
林菀,49
静海县,49
高海宁[中国香港女演员],49
罗温·艾金森,49
屠育玮,49
张国荣,49
袁彩云[演员],49
陈文波[上海男演员],49
吉林市,49
中国人民解放军海军军医大学,49
干露露,49
梁晶晶[中国内地女演员],49
贾斯汀·比伯,49
周咏轩,49
西岭村,49
板野友美,49
冼星海,49
太平桥,49
傅楚卉,49
李英雅,49
徐克[香港电影导演、编剧、监制、演员],49
孟蔚,49
沈威[香港演员],49
曹庄村,49
张丹,49
凯南·鲁兹,49
郑奇[中国内地男演员],49
柯震东,49
洪恩熙,49
长江大学,49
曹征,49
谢坤达,49
辛店镇,49
张龄心,49
马特·兰特尔,49
王楼村,49
大井村,49
滨边美波,49
王智[中国内地女演员、新生代功夫女星],49
玛丽·伊丽莎白·温斯泰德,49
罗文[中国香港歌手、演员],49
李羲儿,49
靳德茂,49
艾薇儿·拉维尼[加拿大歌手],49
王思雅[中国内地女演员、主持人],49
李秀景,49
李凤鸣[中国内地女演员],49
赵正平[台湾艺人],49
上海理工大学,49
乔纳森·班克斯,49
美国,49
路晨[中国内地女演员],49
张振华,49
吉林大学,49
李国毅[中国台湾演员],49
西区,49
米露[中国内地女演员、模特],49
杨红,49
是元介,49
宇多田光,49
华南师范大学,49
柳树镇,49
李娜,49
罗根·勒曼,49
木村KAELA,49
孙大川[中国大陆内地男演员刘德华御用配音],49
朴根滢,49
因为有你,49
辽宁省交通高等专科学校,49
沙田村,49
武穴市,49
张信哲,49
贺生伟,49
吴杰,49
郑多彬[韩国女演员2000年出生],49
钟楚曦,49
汪坚辛,49
杨舒枫,49
宫武祭,49
李炳雷,49
黄伊汶,49
九江职业大学,49
刘玉,49
高恩美,49
许梦圆,49
本溪市,49
竹林村,49
刘星,49
徐婷[影视演员],49
刘俊孝[中国内地男演员],49
郭伟,49
马修·派瑞,49
文彩元,49
彭婧,49
托马斯·桑斯特,49
新圩村,49
西蒙·贝克[澳大利亚演员],49
卓文萱,49
杨奇鸣,49
郭家豪,49
康凯[影视演员],49
袁世龙,49
房思瑜,49
大冶市,49
双桥镇,49
魏庄村,49
孙骁骁,49
成都中医药大学,49
张超[中国内地男演员、歌手],49
严贤京,49
范世錡,49
龚嘉欣,49
郑心潼,49
薛白[配音演员],49
岗头村,49
半枝莲,49
欧弟,49
艾什莉·本森,49
旌鸣,49
c语言程序设计,49
南桥村,49
坎耶·维斯特,49
温心[中国内地女演员、歌手],49
小松菜奈,49
常青,49
张博,49
黎一萱,49
马以[八一电影制片厂演员],49
马泽涵,49
陈明真,49
金泰妍,49
卫诗雅,49
邓刚,49
王建新,49
邓家村,49
潘玮柏,49
劳尔·冈萨雷斯,49
城东街道,49
李欣聪,49
陶喆,49
高宇蓁,49
王晓红,49
王忠,49
陈英,49
周元[韩国男演员],49
梅兰芳,49
阮圣文,49
暖泉镇,49
李贞贤,49
章贺,49
刘栋[影视演员],49
南京理工大学研究生院,49
宜春学院,49
苹果[蔷薇科苹果属果实],49
丁国琳,49
牵牛花,49
三明市,49
杨采盈,49
A.J.库克,49
王立,49
志尊淳,49
袁成杰,49
周庄镇,49
福州大学,49
李肖逸,49
孙健,49
团结乡,49
高陵县,49
东华理工大学,49
范晓萱,49
苏慧伦,49
文兴宇,49
罗青浩,49
侯怡君,49
茶山村,49
刘子枫,49
沙河市,49
阎村镇,49
黄曼凝,49
华东政法大学,49
陈楚河,49
万全镇,49
徐红,49
杨天经,49
周丽欣,49
大同村,49
民主村,49
林熙越,49
赵峰,49
吴昊,49
曾泳醍,49
西南村,49
崔煜林,49
辛集市,49
广西经济管理干部学院,49
东风镇,49
谢梓彬,49
宁河县,49
石龙村,49
郭强,49
辜德超,49
陈梓旭,49
张懿婧,49
松隆子,49
石河子大学,49
天津工业大学,49
麦莉·赛勒斯,49
魔王,49
中国药科大学,49
爱丽森·布里,49
栾元晖,49
蔡晓仪,48
《阿甘正传》,48
刘多仁,48
杨紫彤,48
马勇,48
李亚男[中国香港女演员],48
索菲亚·布什,48
东南大学,48
平田村,48
冯庄村,48
想你,48
平采娜·乐维瑟派布恩,48
民乐村,48
界牌村,48
陈小平,48
黄沙村,48
曾经,48
菅纫姿,48
文明村,48
郭碧婷,48
李毓芬,48
于青斌,48
貂蝉,48
王国平,48
张美妮[TVB艺人],48
利特,48
王之策,48
赤岭村,48
黄家村,48
白雪云[中国内地女演员],48
郭明翔,48
卞贞秀,48
袁艾菲,48
山东农业工程学院,48
李民基,48
朱杰[中国内地女演员],48
黄雅莉[中国内地女歌手],48
黄坤玄,48
安陆市,48
林国雄[1958年出生香港电视演员],48
李志奇[中国台湾男演员],48
包文婧,48
永定镇,48
屠洪刚,48
吕晓霖,48